id,pickone_no,created_at,updated_at,title,thumb,people,price,enabled,size,zipcode,county,district,address,address_info,brief,use_info,device_info,floor_plan,sort,lat,lng,mrt
1,1236,2017-02-08 21:43:04,2019-12-05 22:09:53,北車 A,//i.imgur.com/ItskunA.jpg,17,300,0,12,100,臺北市,中正區,忠孝西路一段7號8樓之4,緊鄰台北車站、捷運台北車站M7出口步行一分鐘，忠孝東路及中山北路口。近台大醫院、監察院、多條路線公車。,Treerful小樹屋 是以時計價的出租空間，在各地提供自助式的場地。親民的價格、有質感的空間，它是您舒適的教室、會議室、讀書會、聚會場地。,,場地無提供且「禁止」使用麥克風及擴音設備，以維繫鄰居環境安寧,,0,25.0460064,121.5191759,台北車站
2,1277,2017-02-08 21:43:04,2017-02-08 21:43:04,敦南小樹屋,img/location-04.jpg,0,9,0,0,,,,,,,,,,0,,,
3,1284,2017-02-08 21:43:04,2019-12-05 22:09:54,大安,//i.imgur.com/3h1CvKK.jpg,6,200,1,5,106,臺北市,大安區,東豐街66號3樓307室,於東豐街跟大安路口，距離大安站步行約8~10分鐘，公車坐到仁愛敦化路口，近仁愛圓環！（場地位於舊式公寓中，夜間大門將上鎖，通行方式請參閱信件說明）,Treerful小樹屋 是以時計價的出租空間，在各地提供自助式的場地。親民的價格、有質感的空間，它是您舒適的教室、會議室、讀書會、聚會場地。,嚴禁逗留公共區域、大聲喧嘩、進行大型派對活動，若影響到住戶安寧，恐觸犯《噪音管制法》、《社會秩序維護法》。,場地無提供且「禁止」使用麥克風及擴音設備，以維繫鄰居環境安寧,https://i.imgur.com/GkQ6gyd.png,84,25.0359153,121.5478601,大安站
4,1459,2017-02-08 21:43:04,2019-12-05 22:09:54,古亭 A,https://i.imgur.com/p3Xizj2.jpg,8,280,0,9,100,臺北市,中正區,羅斯福路二段70號11樓之4 Ａ室,交通方便，位處於羅斯福路與和平東路口，距離古亭捷運站7號出口步行1分鐘即可以抵達，樓下是Tutor ABC，近台師大，文教氣息濃厚。,Treerful小樹屋 是以時計價的出租空間，在各地提供自助式的場地。親民的價格、有質感的空間，它是您舒適的教室、會議室、讀書會、聚會場地。《因將進行空間調整，將不開放12/11之後的訂單》,※本空間與古亭B以輕隔間相鄰，不適合需要極安靜的活動。,場地無提供且「禁止」使用麥克風及擴音設備，以維護鄰居環境安寧。,https://i.imgur.com/XweLvlT.png,0,25.0272797,121.5220325,古亭站
5,1460,2017-02-08 21:43:04,2019-12-05 22:09:54,古亭 B,https://i.imgur.com/yNqjWI2.jpg,8,280,0,9,100,臺北市,中正區,羅斯福路二段70號11樓之4 B室,交通方便，位處於羅斯福路與和平東路口，距離古亭捷運站7號出口步行1分鐘即可以抵達，樓下是Tutor ABC，近台師大，文教氣息濃厚。,Treerful小樹屋 是以時計價的出租空間，在各地提供自助式的場地。親民的價格、有質感的空間，它是您舒適的教室、會議室、讀書會、聚會場地。《因將進行空間調整，將不開放12/11之後的訂單》,※本空間與古亭A以輕隔間相鄰，不適合需要極安靜的活動。,場地無提供且「禁止」使用麥克風及擴音設備，以維繫鄰居環境安寧,https://i.imgur.com/3ttCsOk.png,0,25.0272797,121.5220325,古亭站
6,1473,2017-02-08 21:43:04,2019-12-05 22:09:54,北車 B,https://i.imgur.com/vqVcRMh.jpg,16,430,1,13,100,臺北市,中正區,忠孝西路一段7號9樓900室,緊鄰台北車站、捷運台北車站M7出口步行一分鐘，忠孝東路及中山北路口。近台大醫院、監察院、多條路線公車。,Treerful小樹屋 是以時計價的出租空間，在各地提供自助式的場地。親民的價格、有質感的空間，它是您舒適的教室、會議室、讀書會、聚會場地。,,場地無提供且「禁止」使用麥克風及擴音設備，以維繫鄰居環境安寧。,https://i.imgur.com/kiPoG0X.png,86,25.0460064,121.5191759,台北車站
7,1527,2017-02-08 21:43:04,2019-12-05 22:09:54,中正紀念堂 412,https://i.imgur.com/ruFJNDr.jpg,6,250,1,5,100,臺北市,中正區,寧波東街1號4樓12室,交通方便，緊鄰中正紀念堂、捷運中正紀念堂站3號出口步行一分鐘，羅斯福路與寧波東街口。近中央銀行、中正紀念堂，有多條路線公車。,Treerful小樹屋 是以時計價的出租空間，在各地提供自助式的場地。親民的價格、有質感的空間，它是您舒適的教室、會議室、讀書會、聚會場地。,《為配合本大樓進出管理，所有訪客需代表簽名及寄押證件以領取場地證》,場地無提供且「禁止」使用麥克風及擴音設備，以維繫鄰居環境安寧。,https://i.imgur.com/G5kWDaS.png,85,25.0318808,121.5193721,中正紀念堂站
8,1598,2017-02-08 21:43:04,2019-12-05 22:09:55,古亭和平 301,https://i.imgur.com/ZcQoxLn.jpg,12,380,1,6,106,臺北市,大安區,和平東路一段8號3樓-301室,交通方便，位處於羅斯福路與和平東路口，距離古亭捷運站4號出口步行1分鐘即可以抵達，樓下是星巴克，近台師大，文教氣息濃厚。,Treerful小樹屋 是以時計價的出租空間，在各地提供自助式的場地。親民的價格、有質感的空間，它是您舒適的教室、會議室、讀書會、聚會場地。,,場地無提供且「禁止」使用麥克風及擴音設備，以維繫鄰居環境安寧,https://i.imgur.com/UkAmFyG.png,87,25.0267416,121.5232174,古亭站
9,1599,2017-02-08 21:43:04,2019-12-05 22:09:55,古亭和平 302,https://i.imgur.com/dOy3rOJ.jpg,4,200,1,5,106,臺北市,大安區,和平東路一段8號3樓-302室,交通方便，位處於羅斯福路與和平東路口，距離古亭捷運站4號出口步行1分鐘即可以抵達，樓下是星巴克，近台師大，文教氣息濃厚。,Treerful小樹屋 是以時計價的出租空間，在各地提供自助式的場地。親民的價格、有質感的空間，它是您舒適的教室、會議室、讀書會、聚會場地。,,場地無提供且「禁止」使用麥克風及擴音設備，以維繫鄰居環境安寧,https://i.imgur.com/P5nKo1k.png,88,25.0267416,121.5232174,古亭站
10,1600,2017-02-08 21:43:04,2019-12-05 22:09:55,古亭和平 303,https://i.imgur.com/pIJ57Xz.jpg,12,350,1,7,106,臺北市,大安區,和平東路一段8號3樓-303室,交通方便，位處於羅斯福路與和平東路口，距離古亭捷運站4號出口步行1分鐘即可以抵達，樓下是星巴克，近台師大，文教氣息濃厚。,Treerful小樹屋 是以時計價的出租空間，在各地提供自助式的場地。親民的價格、有質感的空間，它是您舒適的教室、會議室、讀書會、聚會場地。,,場地無提供且「禁止」使用麥克風及擴音設備，以維繫鄰居環境安寧,https://i.imgur.com/6UVMeTj.png,89,25.0267416,121.5232174,古亭站
11,1601,2017-02-08 21:43:04,2019-12-05 22:09:55,古亭和平 304,https://i.imgur.com/D5Aaxvh.jpg,4,200,1,4,106,臺北市,大安區,和平東路一段8號3樓-304室,交通方便，位處於羅斯福路與和平東路口，距離古亭捷運站4號出口步行1分鐘即可以抵達，樓下是星巴克，近台師大，文教氣息濃厚。,Treerful小樹屋 是以時計價的出租空間，在各地提供自助式的場地。親民的價格、有質感的空間，它是您舒適的教室、會議室、讀書會、聚會場地。,,場地無提供且「禁止」使用麥克風及擴音設備，以維繫鄰居環境安寧,https://i.imgur.com/pazkhNR.png,90,25.0267416,121.5232174,古亭站
12,1602,2017-02-08 21:43:04,2019-12-05 22:09:55,古亭和平 305,//i.imgur.com/EN4ZC7y.jpg,10,290,1,7,106,臺北市,大安區,和平東路一段8號3樓-305室,交通方便，位處於羅斯福路與和平東路口，距離古亭捷運站4號出口步行1分鐘即可以抵達，樓下是星巴克，近台師大，文教氣息濃厚。,Treerful小樹屋 是以時計價的出租空間，在各地提供自助式的場地。親民的價格、有質感的空間，它是您舒適的教室、會議室、讀書會、聚會場地。,,場地無提供且「禁止」使用麥克風及擴音設備，以維繫鄰居環境安寧,https://i.imgur.com/YrQ1ttZ.png,91,25.0267416,121.5232174,古亭站
13,1726,2017-03-23 12:58:57,2019-12-05 22:09:55,忠孝復興 201(含投影),//i.imgur.com/IkT0EH2.jpg,24,530,0,11,106,臺北市,大安區,忠孝東路三段204號2樓-201室,捷運忠孝復興站2號出口步行5分鐘，住商不動產旁，204號入口進入。在忠孝東路上，有多班公車可抵達。,Treerful小樹屋 是以時計價的出租空間，在各地提供自助式的場地。親民的價格、有質感的空間，它是您舒適的教室、會議室、讀書會、聚會場地。,"1.為維護社區安全，每日18:00後及假日，一樓大門須保持關閉、請勿逗留，若有活動舉辦，請派人至一樓幫忙開門。
2.週三、日18:00以後，請至隔壁住商不動產拿鑰匙。",場地無提供且「禁止」使用麥克風及擴音設備，以維繫鄰居環境安寧,,0,25.0414199,121.539546,忠孝復興站
14,1730,2017-03-23 12:58:57,2019-12-05 22:09:55,忠孝復興 202(含投影),//i.imgur.com/qbeL3Zs.jpg,19,550,0,12,106,臺北市,大安區,忠孝東路三段204號2樓-202室,捷運忠孝復興站2號出口步行5分鐘，住商不動產旁，204號入口進入。在忠孝東路上，有多班公車可抵達。,Treerful小樹屋 是以時計價的出租空間，在各地提供自助式的場地。親民的價格、有質感的空間，它是您舒適的教室、會議室、讀書會、聚會場地。,為維護社區安全，每日18:00後及假日，一樓大門須保持關閉，若有活動舉辦，請派人至一樓幫忙開門。,場地無提供且「禁止」使用麥克風及擴音設備，以維繫鄰居環境安寧。,,0,25.0414199,121.539546,忠孝復興站
15,1840,2017-05-03 6:45:27,2019-12-05 22:09:55,南京復興 A,https://i.imgur.com/C6VCtkS.jpg,16,460,1,12,104,臺北市,中山區,南京東路三段200號5樓507室-A,捷運南京復興站3號出口步行1分鐘，台建大樓，200號入口進入。在南京東路上，有多班公車可抵達。,Treerful小樹屋 是以時計價的出租空間，在各地提供自助式的場地。親民的價格、有質感的空間，它是您舒適的教室、會議室、讀書會、聚會場地。,由於隔壁旅行社常年使用薰香，公共區域味道較重，若對味道較敏感者建議改選擇其他空間租借。,場地無提供且「禁止」使用麥克風及擴音設備，以維繫鄰居環境安寧。,https://i.imgur.com/xc6xeFf.png,92,25.0516787,121.5430588,南京復興站
16,1839,2017-05-03 6:45:27,2019-12-05 22:09:55,南京復興 B,https://i.imgur.com/Th6fJbq.jpg,12,450,1,12,104,臺北市,中山區,南京東路三段200號5樓507室-B,捷運南京復興站3號出口步行1分鐘，台建大樓，200號入口進入。在南京東路上，有多班公車可抵達。,Treerful小樹屋 是以時計價的出租空間，在各地提供自助式的場地。親民的價格、有質感的空間，它是您舒適的教室、會議室、讀書會、聚會場地。,由於隔壁旅行社常年使用薰香，公共區域味道較重，若對味道較敏感者建議改選擇其他空間租借。,場地無提供且「禁止」使用麥克風及擴音設備，以維繫鄰居環境安寧。,https://i.imgur.com/wYCckER.png,93,25.0516787,121.5430588,南京復興站
17,1920,2017-06-05 8:42:30,2019-12-05 22:09:56,科技大樓 601,//i.imgur.com/P2p2TNf.jpg,14,460,1,8,106,臺北市,大安區,復興南路二段200號6樓-601室,捷運科技大樓出口步行2分鐘，面對飲料店斜角巷右側200號入口進入。在復興南路上，有多班公車可抵達。,Treerful小樹屋 是以時計價的出租空間，在各地提供自助式的場地。親民的價格、有質感的空間，它是您舒適的教室、會議室、讀書會、聚會場地。(10/28 將進行整體改裝，暫不開放租借),,場地無提供且「禁止」使用麥克風及擴音設備，以維繫鄰居環境安寧。(10/28 將進行整體改裝，暫不開放租借),https://i.imgur.com/Caf1FRj.png,98,25.0268351,121.5432387,科技大樓站
18,1921,2017-06-05 8:42:30,2019-12-05 22:09:56,科技大樓 602,https://i.imgur.com/yRy5ZDJ.jpg,8,350,1,6,106,臺北市,大安區,復興南路二段200號6樓-602室,捷運科技大樓出口步行2分鐘，面對飲料店斜角巷右側200號入口進入。在復興南路上，有多班公車可抵達。,Treerful小樹屋 是以時計價的出租空間，在各地提供自助式的場地。親民的價格、有質感的空間，它是您舒適的教室、會議室、讀書會、聚會場地。(10/28 將進行整體改裝，暫不開放租借),,場地無提供且「禁止」使用麥克風及擴音設備，以維繫鄰居環境安寧。(10/28 將進行整體改裝，暫不開放租借),https://i.imgur.com/HYTqhhq.png,99,25.0268351,121.5432387,科技大樓站
19,1923,2017-06-05 8:42:30,2019-12-05 22:09:56,科技大樓 603,https://i.imgur.com/LBK9rPT.jpg,12,360,1,6,106,臺北市,大安區,復興南路二段200號6樓-603室,捷運科技大樓出口步行2分鐘，面對飲料店斜角巷右側200號入口進入。在復興南路上，有多班公車可抵達。,Treerful小樹屋 是以時計價的出租空間，在各地提供自助式的場地。親民的價格、有質感的空間，它是您舒適的教室、會議室、讀書會、聚會場地。(10/28 將進行整體改裝，暫不開放租借),,場地無提供且「禁止」使用麥克風及擴音設備，以維繫鄰居環境安寧。(10/28 將進行整體改裝，暫不開放租借),https://i.imgur.com/6Jn64eF.png,100,25.0268351,121.5432387,科技大樓站
20,1924,2017-06-05 8:42:30,2019-12-05 22:09:56,科技大樓 604,//i.imgur.com/ywzDjEE.jpg,6,220,1,3,106,臺北市,大安區,復興南路二段200號6樓-604室,捷運科技大樓出口步行2分鐘，面對飲料店斜角巷右側200號入口進入。在復興南路上，有多班公車可抵達。,Treerful小樹屋 是以時計價的出租空間，在各地提供自助式的場地。親民的價格、有質感的空間，它是您舒適的教室、會議室、讀書會、聚會場地。(10/28 將進行整體改裝，暫不開放租借),,場地無提供且「禁止」使用麥克風及擴音設備，以維繫鄰居環境安寧。(10/28 將進行整體改裝，暫不開放租借),https://i.imgur.com/GOlfIbl.png,101,25.0268351,121.5432387,科技大樓站
21,1925,2017-06-05 8:42:30,2019-12-05 22:09:56,科技大樓 605,https://i.imgur.com/x8tC2Oh.jpg,10,360,1,6,106,臺北市,大安區,復興南路二段200號6樓-605室,捷運科技大樓出口步行2分鐘，面對飲料店斜角巷右側200號入口進入。在復興南路上，有多班公車可抵達。,Treerful小樹屋 是以時計價的出租空間，在各地提供自助式的場地。親民的價格、有質感的空間，它是您舒適的教室、會議室、讀書會、聚會場地。(10/28 將進行整體改裝，暫不開放租借),,場地無提供且「禁止」使用麥克風及擴音設備，以維繫鄰居環境安寧。(10/28 將進行整體改裝，暫不開放租借),https://i.imgur.com/GkFr6m3.png,102,25.0268351,121.5432387,科技大樓站
22,2012,2017-07-11 6:23:43,2019-12-05 22:09:56,京站 601,//i.imgur.com/orRSgKE.jpg,15,460,1,10,104,臺北市,中山區,中山北路一段66號6樓-601室,鄰近台北車站，中山地下街R1出入口出來，步行約2～3分鐘。（場地位於舊式公寓中，夜間大門將上鎖，通行方式請參閱信件說明）,Treerful小樹屋 是以時計價的出租空間，在各地提供自助式的場地。親民的價格、有質感的空間，它是您舒適的教室、會議室、讀書會、聚會場地。,《禁止唱歌、跳舞、派對活動，如影響鄰居安寧，須自負法律責任。》,場地無提供且「禁止」使用麥克風及擴音設備，以維繫鄰居環境安寧,https://i.imgur.com/kURv7d0.png,103,25.0486715,121.520779,台北車站
23,2011,2017-07-11 6:23:43,2019-12-05 22:09:56,京站 602,//i.imgur.com/6fwgxMp.jpg,2,120,1,1,104,臺北市,中山區,中山北路一段66號6樓-602室,鄰近台北車站，中山地下街R1出入口出來，步行約2～3分鐘。（場地位於舊式公寓中，夜間大門將上鎖，通行方式請參閱信件說明）,Treerful小樹屋 是以時計價的出租空間，在各地提供自助式的場地。親民的價格、有質感的空間，它是您舒適的教室、會議室、讀書會、聚會場地。,《禁止唱歌、跳舞、派對活動，如影響鄰居安寧，須自負法律責任。》,場地無提供且「禁止」使用麥克風及擴音設備，以維繫鄰居環境安寧,https://i.imgur.com/hB8RiiO.png,104,25.0486715,121.520779,台北車站
24,2013,2017-07-11 6:23:43,2019-12-05 22:09:56,京站 603,//i.imgur.com/IXdWW13.jpg,8,350,1,5,104,臺北市,中山區,中山北路一段66號6樓-603室,鄰近台北車站，中山地下街R1出入口出來，步行約2～3分鐘。（場地位於舊式公寓中，夜間大門將上鎖，通行方式請參閱信件說明）,Treerful小樹屋 是以時計價的出租空間，在各地提供自助式的場地。親民的價格、有質感的空間，它是您舒適的教室、會議室、讀書會、聚會場地。,《禁止唱歌、跳舞、派對活動，如影響鄰居安寧，須自負法律責任。》,場地無提供且「禁止」使用麥克風及擴音設備，以維繫鄰居環境安寧,https://i.imgur.com/6t0CxNt.png,105,25.0486715,121.520779,台北車站
25,2014,2017-07-11 6:23:43,2019-12-05 22:09:56,京站 604,//i.imgur.com/1vf3hlz.jpg,18,450,1,9,104,臺北市,中山區,中山北路一段66號6樓-604室,鄰近台北車站，中山地下街R1出入口出來，步行約2～3分鐘。（場地位於舊式公寓中，夜間大門將上鎖，通行方式請參閱信件說明）,Treerful小樹屋 是以時計價的出租空間，在各地提供自助式的場地。親民的價格、有質感的空間，它是您舒適的教室、會議室、讀書會、聚會場地。,《禁止唱歌、跳舞、派對活動，如影響鄰居安寧，須自負法律責任。》,場地無提供且「禁止」使用麥克風及擴音設備，以維繫鄰居環境安寧,https://i.imgur.com/5LBsH45.png,106,25.0486715,121.520779,台北車站
31,2100,2017-07-31 10:27:13,2019-12-05 22:09:56,大安信義 1101,//i.imgur.com/qRrQjrG.jpg,16,450,0,10,106,臺北市,大安區,信義路四段24號11樓之1,捷運大安站4號出口出來右轉，往鬍鬚張走不用1分鐘就到了！,"Treerful小樹屋 是以時計價的出租空間，在各地提供自助式的場地。親民的價格、有質感的空間，它是您舒適的教室、會議室、讀書會、聚會場地。
※為配合本大樓進出管理，所有住戶及訪客搭乘電梯時皆需使用專用磁扣，僅提供1組磁扣，且需使用者簽名及寄押證件以領取場地證、磁扣。",嚴禁逗留公共區域、大聲喧嘩、進行大型派對活動，若影響到住戶安寧，恐觸犯《噪音管制法》、《社會秩序維護法》。,"場地無提供且「禁止」使用麥克風及擴音設備，以維繫鄰居環境安寧。
※為配合本大樓進出管理，所有住戶及訪客搭乘電梯時皆需使用專用磁扣，僅提供1組磁扣，且須需使用者簽名及寄押證件以領取場地證、磁扣。",https://i.imgur.com/nQ0lC4v.png,0,25.0331768,121.5444964,大安站
41,2115,2017-08-02 17:11:04,2019-12-05 22:09:56,大安信義 1102,//i.imgur.com/LUzNnn3.jpg,9,250,0,4,106,臺北市,大安區,信義路四段24號11樓之1,捷運大安站4號出口出來右轉，往鬍鬚張走不用1分鐘就到了！,"Treerful小樹屋 是以時計價的出租空間，在各地提供自助式的場地。親民的價格、有質感的空間，它是您舒適的教室、會議室、讀書會、聚會場地。
※為配合本大樓進出管理，所有住戶及訪客搭乘電梯時皆需使用專用磁扣，僅提供1組磁扣，且需使用者簽名及寄押證件以領取場地證、磁扣。",嚴禁逗留公共區域、大聲喧嘩、進行大型派對活動，若影響到住戶安寧，恐觸犯《噪音管制法》、《社會秩序維護法》。,"場地無提供且「禁止」使用麥克風及擴音設備，以維繫鄰居環境安寧。
※為配合本大樓進出管理，所有住戶及訪客搭乘電梯時皆需使用專用磁扣，僅提供1組磁扣，且需使用者簽名及寄押證件以領取場地證、磁扣。",https://i.imgur.com/5UkT6JW.png,0,25.0331768,121.5444964,大安站
51,2116,2017-08-02 17:21:45,2019-12-05 22:09:56,大安信義 1103,//i.imgur.com/dhRXoRk.jpg,6,230,0,3,106,臺北市,大安區,信義路四段24號11樓之1,捷運大安站4號出口出來右轉，往鬍鬚張走不用1分鐘就到了！,"Treerful小樹屋 是以時計價的出租空間，在各地提供自助式的場地。親民的價格、有質感的空間，它是您舒適的教室、會議室、讀書會、聚會場地。
※為配合本大樓進出管理，所有住戶及訪客搭乘電梯時皆需使用專用磁扣，僅提供1組磁扣，且需使用者簽名及寄押證件以領取場地證、磁扣。",嚴禁逗留公共區域、大聲喧嘩、進行大型派對活動，若影響到住戶安寧，恐觸犯《噪音管制法》、《社會秩序維護法》。,"場地無提供且「禁止」使用麥克風及擴音設備，以維繫鄰居環境安寧。
※為配合本大樓進出管理，所有住戶及訪客搭乘電梯時皆需使用專用磁扣，僅提供1組磁扣，且需使用者簽名及寄押證件以領取場地證、磁扣。",https://i.imgur.com/UxqzZTs.png,0,25.0331768,121.5444964,大安站
61,1234,2017-08-14 15:00:32,2019-12-05 22:09:57,test,https://i.imgur.com/CzQiMSb.jpg,12,300,0,1,201,基隆市,信義區,民生東路5段226之1號5樓,123,123,123,123,,0,25.0588991,121.5656015,南京三民站
62,2136,2017-08-17 14:57:03,2019-12-05 22:09:57,慶城南京 A,https://i.imgur.com/BE93HbT.jpg,10,380,1,5,105,臺北市,松山區,慶城街6-1號7樓-A室,捷運南京復興站7號出口，走路約30秒，位在全家便利商店旁的「希爾頓大廈7樓」。,Treerful小樹屋 是以時計價的出租空間，在各地提供自助式的場地。親民的價格、有質感的空間，它是您舒適的教室、會議室、讀書會、聚會場地。,嚴禁逗留公共區域、大聲喧嘩、進行大型派對活動，若影響到住戶安寧，恐觸犯《噪音管制法》、《社會秩序維護法》。,場地無提供且「禁止」使用麥克風及擴音設備，以維繫鄰居環境安寧,https://i.imgur.com/NtdkRLm.png,107,25.0526598,121.544829,南京復興站
63,2137,2017-08-17 15:06:51,2019-12-05 22:09:57,慶城南京 B,//i.imgur.com/DiV47tH.jpg,10,320,1,6,105,臺北市,松山區,慶城街6-1號7樓-B室,捷運南京復興站7號出口，走路約30秒，位在全家便利商店旁的「希爾頓大廈7樓」。,Treerful小樹屋 是以時計價的出租空間，在各地提供自助式的場地。親民的價格、有質感的空間，它是您舒適的教室、會議室、讀書會、聚會場地。,嚴禁逗留公共區域、大聲喧嘩、進行大型派對活動，若影響到住戶安寧，恐觸犯《噪音管制法》、《社會秩序維護法》。,場地無提供且「禁止」使用麥克風及擴音設備，以維繫鄰居環境安寧,https://i.imgur.com/1I305mh.png,108,25.0526598,121.544829,南京復興站
64,2138,2017-08-17 15:22:10,2019-12-05 22:09:57,慶城南京 C,//i.imgur.com/qtv3JuD.jpg,12,370,1,8,105,臺北市,松山區,慶城街6-1號7樓-C室,捷運南京復興站7號出口，走路約30秒，位在全家便利商店旁的「希爾頓大廈7樓」。,Treerful小樹屋 是以時計價的出租空間，在各地提供自助式的場地。親民的價格、有質感的空間，它是您舒適的教室、會議室、讀書會、聚會場地。,嚴禁逗留公共區域、大聲喧嘩、進行大型派對活動，若影響到住戶安寧，恐觸犯《噪音管制法》、《社會秩序維護法》。,場地無提供且「禁止」使用麥克風及擴音設備，以維繫鄰居環境安寧。投影布幕位於白板那一面牆。,https://i.imgur.com/Z5XfZUe.png,109,25.0526598,121.544829,南京復興站
65,2139,2017-08-17 15:27:54,2019-12-05 22:09:57,慶城南京 D,//i.imgur.com/al3rqiT.jpg,10,350,1,7,105,臺北市,松山區,慶城街6-1號7樓-D室,捷運南京復興站 7 號出口，走路約30秒，位在全家便利商店旁的「希爾頓大廈7樓」。,Treerful小樹屋 是以時計價的出租空間，在各地提供自助式的場地。親民的價格、有質感的空間，它是您舒適的教室、會議室、讀書會、聚會場地。,嚴禁逗留公共區域、大聲喧嘩、進行大型派對活動，若影響到住戶安寧，恐觸犯《噪音管制法》、《社會秩序維護法》。,場地無提供且「禁止」使用麥克風及擴音設備，以維繫鄰居環境安寧,https://i.imgur.com/FDWbfIc.png,110,25.0526598,121.544829,南京復興站
66,2183,2017-08-25 1:17:43,2019-12-05 22:09:57,中山國中 401,https://i.imgur.com/qz9dgYo.jpg,12,400,1,9,104,臺北市,中山區,復興北路342號4樓-401室,捷運中山國中站出來往錦州街方向走，步行約2分鐘即可抵達。,Treerful小樹屋 是以時計價的出租空間，在各地提供自助式的場地。親民的價格、有質感的空間，它是您舒適的教室、會議室、讀書會、聚會場地。,,場地無提供且「禁止」使用麥克風及擴音設備，以維繫鄰居環境安寧,https://i.imgur.com/pIkxs9b.png,65,25.059776,121.5439548,中山國中站
67,2184,2017-08-25 1:20:28,2019-12-05 22:09:57,中山國中 402,//i.imgur.com/A36R4qy.jpg,10,330,1,7,104,臺北市,中山區,復興北路342號4樓-402室,捷運中山國中站出來往錦州街方向走，步行約2分鐘即可抵達。,Treerful小樹屋 是以時計價的出租空間，在各地提供自助式的場地。親民的價格、有質感的空間，它是您舒適的教室、會議室、讀書會、聚會場地。,,場地無提供且「禁止」使用麥克風及擴音設備，以維繫鄰居環境安寧,https://i.imgur.com/rCTaD63.png,66,25.059776,121.5439548,中山國中站
68,2185,2017-08-25 1:22:20,2019-12-05 22:09:57,中山國中 403,https://i.imgur.com/5vR79gr.jpg,12,370,1,8,104,臺北市,中山區,復興北路342號4樓-403室,捷運中山國中站出來往錦州街方向走，步行約2分鐘即可抵達。,Treerful小樹屋 是以時計價的出租空間，在各地提供自助式的場地。親民的價格、有質感的空間，它是您舒適的教室、會議室、讀書會、聚會場地。,,場地無提供且「禁止」使用麥克風及擴音設備，以維繫鄰居環境安寧,https://i.imgur.com/XYcpFF9.png,67,25.059776,121.5439548,中山國中站
69,2186,2017-08-25 1:24:23,2019-12-05 22:09:57,中山國中 404,//i.imgur.com/Dj83bie.jpg,10,320,1,6,104,臺北市,中山區,復興北路342號4樓-404室,捷運中山國中站出來往錦州街方向走，步行約2分鐘即可抵達。,Treerful小樹屋 是以時計價的出租空間，在各地提供自助式的場地。親民的價格、有質感的空間，它是您舒適的教室、會議室、讀書會、聚會場地。,入內請脫鞋，並保持坐墊整潔。,場地無提供且「禁止」使用麥克風及擴音設備，以維繫鄰居環境安寧,https://i.imgur.com/9KTSK7d.png,68,25.059776,121.5439548,中山國中站
70,2213,2017-09-04 18:23:56,2019-12-05 22:09:58,南京三民 A,https://i.imgur.com/u4UHrVp.jpg,6,240,1,4,105,臺北市,松山區,南京東路五段168號4樓-A室,捷運南京三民站2號出口出來迴轉，步行約1分鐘，位在肯德基旁。,Treerful小樹屋 是以時計價的出租空間，在各地提供自助式的場地。親民的價格、有質感的空間，它是您舒適的教室、會議室、讀書會、聚會場地。,,場地無提供且「禁止」使用麥克風及擴音設備，以維繫鄰居環境安寧,https://i.imgur.com/NwH5Xzy.png,79,25.0512742,121.5632822,南京三民站
71,2214,2017-09-04 18:28:34,2019-12-05 22:09:58,南京三民 B,https://i.imgur.com/AWlcBfN.jpg,12,370,1,6,105,臺北市,松山區,南京東路五段168號4樓-B室,捷運南京三民站2號出口出來迴轉，步行約1分鐘，位在肯德基旁。,Treerful小樹屋 是以時計價的出租空間，在各地提供自助式的場地。親民的價格、有質感的空間，它是您舒適的教室、會議室、讀書會、聚會場地。,,場地無提供且「禁止」使用麥克風及擴音設備，以維持鄰居環境安寧,https://i.imgur.com/zYttpXx.png,80,25.0512742,121.5632822,南京三民站
72,2215,2017-09-04 18:31:47,2019-12-05 22:09:58,南京三民 C,https://i.imgur.com/ZjQ8Gb9.jpg,6,230,1,4,105,臺北市,松山區,南京東路五段168號4樓-C室,捷運南京三民站2號出口出來迴轉，步行約1分鐘，位在肯德基旁。,Treerful小樹屋 是以時計價的出租空間，在各地提供自助式的場地。親民的價格、有質感的空間，它是您舒適的教室、會議室、讀書會、聚會場地。,,場地無提供且「禁止」使用麥克風及擴音設備，以維繫鄰居環境安寧,https://i.imgur.com/ytvbeRx.png,81,25.0512742,121.5632822,南京三民站
73,2216,2017-09-04 19:15:46,2019-12-05 22:09:58,南京三民 E,https://i.imgur.com/pwMnbcQ.jpg,12,300,1,6,105,臺北市,松山區,南京東路五段168號4樓-E室,捷運南京三民站2號出口出來迴轉，步行約1分鐘，位在肯德基旁。,Treerful小樹屋 是以時計價的出租空間，在各地提供自助式的場地。親民的價格、有質感的空間，它是您舒適的教室、會議室、讀書會、聚會場地。,,場地無提供且「禁止」使用麥克風及擴音設備，以維繫鄰居環境安寧,https://i.imgur.com/LE1BvHz.png,83,25.0512742,121.5632822,南京三民站
74,2217,2017-09-04 19:20:25,2019-12-05 22:09:58,南京三民 D,https://i.imgur.com/Wt3MMNQ.jpg,10,350,1,6,105,臺北市,松山區,南京東路五段168號4樓-D室,捷運南京三民站2號出口出來迴轉，步行約1分鐘，位在肯德基旁。,Treerful小樹屋 是以時計價的出租空間，在各地提供自助式的場地。親民的價格、有質感的空間，它是您舒適的教室、會議室、讀書會、聚會場地。,,場地無提供且「禁止」使用麥克風及擴音設備，以維繫鄰居環境安寧,https://i.imgur.com/VIAuUYN.png,82,25.0512742,121.5632822,南京三民站
75,2269,2017-09-28 18:31:02,2019-12-05 22:09:58,台電大樓 A,https://i.imgur.com/lLJTdY1.jpg,8,270,1,5,106,臺北市,大安區,羅斯福路三段125號3樓-A室,捷運台電大樓站3號出口，步行約2分鐘。,Treerful小樹屋 是以時計價的出租空間，在各地提供自助式的場地。親民的價格、有質感的空間，它是您舒適的教室、會議室、讀書會、聚會場地。,,場地無提供且「禁止」使用麥克風及擴音設備，以維持鄰居環境安寧。,https://i.imgur.com/xSz4PbB.png,94,25.0219836,121.5270729,台電大樓站
76,2270,2017-09-28 18:37:45,2019-12-05 22:09:58,台電大樓 B,https://i.imgur.com/gfdu4YY.jpg,4,250,1,3,106,臺北市,大安區,羅斯福路三段125號3樓-B室,捷運台電大樓站3號出口，步行約2分鐘。,Treerful小樹屋 是以時計價的出租空間，在各地提供自助式的場地。親民的價格、有質感的空間，它是您舒適的教室、會議室、讀書會、聚會場地。,,場地無提供且「禁止」使用麥克風及擴音設備，以維持鄰居環境安寧。,https://i.imgur.com/MngOpkZ.png,95,25.0219836,121.5270729,台電大樓站
77,2271,2017-09-28 18:48:35,2019-12-05 22:09:58,台電大樓 C,https://i.imgur.com/pe0OMSU.jpg,8,270,1,4,106,臺北市,大安區,羅斯福路三段125號3樓-C室,捷運台電大樓站3號出口，步行約2分鐘。,Treerful小樹屋 是以時計價的出租空間，在各地提供自助式的場地。親民的價格、有質感的空間，它是您舒適的教室、會議室、讀書會、聚會場地。,,場地無提供且「禁止」使用麥克風及擴音設備，以維持鄰居環境安寧。,https://i.imgur.com/dlvRs3k.png,96,25.0219836,121.5270729,台電大樓站
78,2272,2017-09-28 18:56:48,2019-12-05 22:09:58,台電大樓 D,https://i.imgur.com/wJcdZlw.jpg,6,270,1,3,106,臺北市,大安區,羅斯福路三段125號3樓-D室,捷運台電大樓站3號出口，步行約2分鐘。,Treerful小樹屋 是以時計價的出租空間，在各地提供自助式的場地。親民的價格、有質感的空間，它是您舒適的教室、會議室、讀書會、聚會場地。,,場地無提供且「禁止」使用麥克風及擴音設備，以維持鄰居環境安寧。,https://i.imgur.com/2BrVvhb.png,97,25.0219836,121.5270729,台電大樓站
79,2327,2017-10-17 23:05:57,2019-12-05 22:09:58,松江南京 301,https://i.imgur.com/2E8l38Q.jpg,12,400,1,8,104,臺北市,中山區,松江路131-1號3樓-301室,松江南京捷運站 7 號出口，上來直走步行約2分鐘。,Treerful小樹屋 是以時計價的出租空間，在各地提供自助式的場地。親民的價格、有質感的空間，它是您舒適的教室、會議室、讀書會、聚會場地。,,場地無提供且「禁止」使用麥克風及擴音設備，以維護鄰居環境安寧。,https://i.imgur.com/YJ9FYAM.png,111,25.0542505,121.5332802,松江南京站
80,2329,2017-10-17 23:14:01,2019-12-05 22:09:59,松江南京 302,https://i.imgur.com/xpLIDwp.jpg,8,270,1,5,104,臺北市,中山區,松江路131-1號3樓-302室,松江南京捷運站 7 號出口，上來直走步行約2分鐘。,Treerful小樹屋 是以時計價的出租空間，在各地提供自助式的場地。親民的價格、有質感的空間，它是您舒適的教室、會議室、讀書會、聚會場地。,,場地無提供且「禁止」使用麥克風及擴音設備，以維護鄰居環境安寧。,https://i.imgur.com/MgVLreV.png,112,25.0542505,121.5332802,松江南京站
81,2328,2017-10-17 23:20:23,2019-12-05 22:09:59,松江南京 303,https://i.imgur.com/oD3EOrQ.jpg,8,270,1,7,104,臺北市,中山區,松江路131-1號3樓-303室,松江南京捷運站 7 號出口，上來直走步行約2分鐘。,Treerful小樹屋 是以時計價的出租空間，在各地提供自助式的場地。親民的價格、有質感的空間，它是您舒適的教室、會議室、讀書會、聚會場地。,,場地無提供且「禁止」使用麥克風及擴音設備，以維護鄰居環境安寧。,https://i.imgur.com/EWPdgDK.png,113,25.0542505,121.5332802,松江南京站
82,2330,2017-10-17 23:24:46,2019-12-05 22:09:59,松江南京 304,https://i.imgur.com/aORW4g6.jpg,8,330,1,7,104,臺北市,中山區,松江路131-1號3樓-304室,松江南京捷運站 7 號出口，上來直走步行約2分鐘。,Treerful小樹屋 是以時計價的出租空間，在各地提供自助式的場地。親民的價格、有質感的空間，它是您舒適的教室、會議室、讀書會、聚會場地。,,場地無提供且「禁止」使用麥克風及擴音設備，以維護鄰居環境安寧,https://i.imgur.com/jGSgHol.png,114,25.0542505,121.5332802,松江南京站
83,2331,2017-10-17 23:29:08,2019-12-05 22:09:59,松江南京 305,https://i.imgur.com/XzxoEAZ.jpg,6,280,1,5,104,臺北市,中山區,松江路131-1號3樓-305室,Treerful小樹屋 是以時計價的出租空間，在各地提供自助式的場地。親民的價格、有質感的空間，它是您舒適的教室、會議室、讀書會、聚會場地。,Treerful小樹屋 是以時計價的出租空間，在各地提供自助式的場地。親民的價格、有質感的空間，它是您舒適的教室、會議室、讀書會、聚會場地。,,場地無提供且「禁止」使用麥克風及擴音設備，以維護鄰居環境安寧。,https://i.imgur.com/HxhnEQq.png,115,25.0542505,121.5332802,松江南京站
84,2333,2017-10-17 23:31:59,2019-12-05 22:09:59,松江南京 306,https://i.imgur.com/r0ETDg8.jpg,4,200,1,3,104,臺北市,中山區,松江路131-1號3樓-306室,松江南京捷運站 7 號出口，上來直走步行約2分鐘。,Treerful小樹屋 是以時計價的出租空間，在各地提供自助式的場地。親民的價格、有質感的空間，它是您舒適的教室、會議室、讀書會、聚會場地。,,場地無提供且「禁止」使用麥克風及擴音設備，以維護鄰居環境安寧。,https://i.imgur.com/hdmX1xR.png,116,25.0542505,121.5332802,松江南京站
85,2456,2017-10-30 12:49:39,2019-12-05 22:09:59,信義安和 A,https://i.imgur.com/lBCIOfl.jpg,16,450,1,10,106,臺北市,大安區,信義路四段341號9樓-2-A,捷運信義安和站，5號出口步行約5分鐘。,以深藍的長桌為主視覺，灰黑色的牆壁作為空間的背景，加上原木色的地板，能給人一種平靜溫和的感覺，配上白色及金色的裝飾點綴，空間呈現一種更現代的時尚氣氛。※為配合本大樓進出管理，所有訪客進入時需向管理員告知。,嚴禁逗留公共區域、大聲喧嘩、進行大型派對活動，若影響到住戶安寧，恐觸犯《噪音管制法》、《社會秩序維護法》。,場地無提供且「禁止」使用麥克風及擴音設備，以維繫鄰居環境安寧。※為配合本大樓進出管理，所有訪客進入時需向管理員告知。,https://i.imgur.com/aNC20dK.png,55,25.033378,121.556687,信義安和站
86,2457,2017-10-30 14:02:39,2019-12-05 22:09:59,信義安和 B,https://i.imgur.com/6ketqY9.jpg,10,330,1,8,106,臺北市,大安區,信義路四段341號9樓-2-B,捷運信義安和站，5號出口步行約5分鐘。,以休閒運動風為主題，有著黑白相間的牆面，加上整個空間的線條漆色，讓空間有著如球場般的開闊感。籃球場的木地板、中央大大的桌球桌，將運動中的動態感完美融入空間之中！※為配合本大樓進出管理，所有訪客進入時需向管理員告知。,桌球桌僅為裝飾擺設用，請勿進行體育活動。嚴禁逗留公共區域、大聲喧嘩、進行大型派對活動，若影響到住戶安寧，恐觸犯《噪音管制法》、《社會秩序維護法》。,場地無提供且「禁止」使用麥克風及擴音設備，以維繫鄰居環境安寧。※為配合本大樓進出管理，所有訪客進入時需向管理員告知。,https://i.imgur.com/GDVyh57.png,56,25.033378,121.556687,信義安和站
87,2458,2017-10-30 14:17:03,2019-12-05 22:09:59,信義安和 C,https://i.imgur.com/fp0RLJ4.jpg,10,360,1,7,106,臺北市,大安區,信義路四段341號9樓-2-C,捷運信義安和站，5號出口步行約5分鐘。,以深色牆面圍繞四周，加上微微的間接光色，讓空間內斂起來。中央的亮色木桌，以及四周的氤氳黃光，能照出家俱典雅的氣氛。特別選用的灰黑座椅、質感沙發，將小空間提升到了更高的層次。※為配合本大樓進出管理，所有訪客進入時需向管理員告知。,嚴禁逗留公共區域、大聲喧嘩、進行大型派對活動，若影響到住戶安寧，恐觸犯《噪音管制法》、《社會秩序維護法》。,場地無提供且「禁止」使用麥克風及擴音設備，以維繫鄰居環境安寧。※為配合本大樓進出管理，所有訪客進入時需向管理員告知。,https://i.imgur.com/V04oR0y.png,57,25.033378,121.556687,信義安和站
88,2459,2017-10-30 15:08:07,2019-12-05 22:09:59,信義安和 D,https://i.imgur.com/xOMd8a7.jpg,5,260,1,3,110,臺北市,信義區,信義路四段341號9樓-2-D,捷運信義安和站，5號出口步行約5分鐘。,典雅的燈具配上淡淡的紫色牆面，讓舒適的沙發與家俱們更為溫暖。這間全由沙發組成的小樹屋，是繼京站603的第二間沙發小樹屋，我們期待它給您相同的溫度、不同的回憶。※為配合本大樓進出管理，所有訪客進入時需向管理員告知。,嚴禁逗留公共區域、大聲喧嘩、進行大型派對活動，若影響到住戶安寧，恐觸犯《噪音管制法》、《社會秩序維護法》。,場地無提供且「禁止」使用麥克風及擴音設備，以維繫鄰居環境安寧。※為配合本大樓進出管理，所有訪客進入時需向管理員告知。,https://i.imgur.com/ZdfyShP.png,58,25.033378,121.556687,信義安和站
89,2460,2017-10-30 15:17:42,2019-12-05 22:09:59,信義安和 E,https://i.imgur.com/gZruy8B.jpg,2,130,1,1,106,臺北市,大安區,信義路四段341號9樓-2-E,捷運信義安和站，5號出口步行約5分鐘。,以皮製家俱為主的迷你小樹屋，有著我們當初打造秘密基地時的情感，雖然小，卻依然溫暖；雖然小，卻能裝進我們大大的理想。也許我們都應該擁有，能夠裝進這些情感的小空間。※為配合本大樓進出管理，所有訪客進入時需向管理員告知。,隔壁為電視間，如需要較安靜的空間，建議使用別間小樹屋。,場地無提供且「禁止」使用麥克風及擴音設備，以維護鄰居環境安寧。※為配合本大樓進出管理，所有訪客進入時需向管理員告知。,https://i.imgur.com/60eMqyy.png,59,25.033378,121.556687,信義安和站
90,0,2017-11-22 11:40:37,2019-12-05 22:09:59,極地 個人位A1,https://i.imgur.com/ectFDNf.jpg,1,50,0,10,105,臺北市,松山區,敦化北路145巷12號4樓-A1,小巨蛋站1號出口上來後右轉，走路約5分鐘。,Treerful小樹屋 是以時計價的出租空間，在各地提供自助式的場地。親民的價格、有質感的空間。極地個人位，提供個人辦公、讀書、繪畫等多種用途。,如欲飲食、談話，請以不影響他人為主，並在使用後將環境復原。,離開時請歸還借用物品，並將桌面整理乾淨。,https://i.imgur.com/xYKPw5Z.png,0,25.0539759,121.5505238,台北小巨蛋站
91,0,2017-11-22 11:41:46,2019-12-05 22:09:59,極地 個人位A2,https://i.imgur.com/5BhywlQ.jpg,1,50,0,10,105,臺北市,松山區,敦化北路145巷12號4樓-A2,小巨蛋站1號出口上來後右轉，走路約5分鐘。,Treerful小樹屋 是以時計價的出租空間，在各地提供自助式的場地。親民的價格、有質感的空間。極地個人位，提供個人辦公、讀書、繪畫等多種用途。,如欲飲食、談話，請以不影響他人為主，並在使用後將環境復原。,離開時請歸還借用物品，並將桌面整理乾淨。,https://i.imgur.com/6ULQZgp.png,0,25.0539759,121.5505238,台北小巨蛋站
92,0,2017-11-22 11:42:42,2019-12-05 22:09:59,極地 個人位A3,https://i.imgur.com/wHrvzXT.jpg,1,50,0,10,105,臺北市,松山區,敦化北路145巷12號4樓-A3,小巨蛋站1號出口上來後右轉，走路約5分鐘。,Treerful小樹屋 是以時計價的出租空間，在各地提供自助式的場地。親民的價格、有質感的空間。極地個人位，提供個人辦公、讀書、繪畫等多種用途。,如欲飲食、談話，請以不影響他人為主，並在使用後將環境復原。,離開時請歸還借用物品，並將桌面整理乾淨。,https://i.imgur.com/piyNv0u.png,0,25.0539759,121.5505238,台北小巨蛋站
93,0,2017-11-22 11:44:36,2019-12-05 22:09:59,極地 個人位A4,https://i.imgur.com/XA4GaIR.jpg,1,50,0,10,105,臺北市,松山區,敦化北路145巷12號4樓-A4,小巨蛋站1號出口上來後右轉，走路約5分鐘。,Treerful小樹屋 是以時計價的出租空間，在各地提供自助式的場地。親民的價格、有質感的空間。極地個人位，提供個人辦公、讀書、繪畫等多種用途。,如欲飲食、談話，請以不影響他人為主，並在使用後將環境復原。,離開時請歸還借用物品，並將桌面整理乾淨。,https://i.imgur.com/7dO0X6c.png,0,25.0539759,121.5505238,台北小巨蛋站
94,0,2017-11-22 11:45:31,2019-12-05 22:09:59,極地 個人位A5,https://i.imgur.com/w58OEkr.jpg,1,50,0,10,105,臺北市,松山區,敦化北路145巷12號4樓-A5,小巨蛋站1號出口上來後右轉，走路約5分鐘。,Treerful小樹屋 是以時計價的出租空間，在各地提供自助式的場地。親民的價格、有質感的空間。極地個人位，提供個人辦公、讀書、繪畫等多種用途。,如欲飲食、談話，請以不影響他人為主，並在使用後將環境復原。,離開時請歸還借用物品，並將桌面整理乾淨。,https://i.imgur.com/lSuldH9.png,0,25.0539759,121.5505238,台北小巨蛋站
95,0,2017-11-22 11:46:13,2019-12-05 22:09:59,極地 個人位A6,https://i.imgur.com/FP9AFVf.jpg,1,50,0,10,105,臺北市,松山區,敦化北路145巷12號4樓-A6,小巨蛋站1號出口上來後右轉，走路約5分鐘。,Treerful小樹屋 是以時計價的出租空間，在各地提供自助式的場地。親民的價格、有質感的空間。極地個人位，提供個人辦公、讀書、繪畫等多種用途。,如欲飲食、談話，請以不影響他人為主，並在使用後將環境復原。,離開時請歸還借用物品，並將桌面整理乾淨。,https://i.imgur.com/ufXpz3m.png,0,25.0539759,121.5505238,台北小巨蛋站
96,0,2017-11-22 11:47:14,2019-12-05 22:09:59,極地 個人位A7,https://i.imgur.com/z1M6OHD.jpg,1,60,0,10,105,臺北市,松山區,敦化北路145巷12號4樓-A7,小巨蛋站1號出口上來後右轉，走路約5分鐘。,Treerful小樹屋 是以時計價的出租空間，在各地提供自助式的場地。親民的價格、有質感的空間。極地個人位，提供個人辦公、讀書、繪畫等多種用途。,如欲飲食、談話，請以不影響他人為主，並在使用後將環境復原。,離開時請歸還借用物品，並將桌面整理乾淨。,https://i.imgur.com/EExkWIm.png,0,25.0539759,121.5505238,台北小巨蛋站
97,0,2017-11-22 11:49:23,2019-12-05 22:09:59,極地 個人位A8,https://i.imgur.com/LVN4xH0.jpg,1,60,0,10,105,臺北市,松山區,敦化北路145巷12號4樓-A8,小巨蛋站1號出口上來後右轉，走路約5分鐘。,Treerful小樹屋 是以時計價的出租空間，在各地提供自助式的場地。親民的價格、有質感的空間。極地個人位，提供個人辦公、讀書、繪畫等多種用途。,如欲飲食、談話，請以不影響他人為主，並在使用後將環境復原。,離開時請歸還借用物品，並將桌面整理乾淨。,https://i.imgur.com/MsjomjS.png,0,25.0539759,121.5505238,台北小巨蛋站
98,0,2017-11-22 11:49:30,2019-12-05 22:09:59,極地 個人位A9,https://i.imgur.com/pII0SfB.jpg,1,60,0,10,105,臺北市,松山區,敦化北路145巷12號4樓-A9,小巨蛋站1號出口上來後右轉，走路約5分鐘。,Treerful小樹屋 是以時計價的出租空間，在各地提供自助式的場地。親民的價格、有質感的空間。極地個人位，提供個人辦公、讀書、繪畫等多種用途。,如欲飲食、談話，請以不影響他人為主，並在使用後將環境復原。,離開時請歸還借用物品，並將桌面整理乾淨。,https://i.imgur.com/9xefduO.png,0,25.0539759,121.5505238,台北小巨蛋站
99,0,2017-11-22 11:49:56,2019-12-05 22:09:59,極地 個人位A10,https://i.imgur.com/nM8BtjM.jpg,1,80,0,10,105,臺北市,松山區,敦化北路145巷12號4樓-A10,小巨蛋站1號出口上來後右轉，走路約5分鐘。,Treerful小樹屋 是以時計價的出租空間，在各地提供自助式的場地。親民的價格、有質感的空間。極地個人位，提供個人辦公、讀書、繪畫等多種用途。,如欲飲食、談話，請以不影響他人為主，並在使用後將環境復原。,離開時請歸還借用物品，並將桌面整理乾淨。,https://i.imgur.com/kyXz5uH.png,0,25.0539759,121.5505238,台北小巨蛋站
100,0,2017-11-22 11:50:21,2019-12-05 22:09:59,極地 個人位A11,https://i.imgur.com/yB2LvQX.jpg,1,80,0,10,105,臺北市,松山區,敦化北路145巷12號4樓-A11,小巨蛋站1號出口上來後右轉，走路約5分鐘。,Treerful小樹屋 是以時計價的出租空間，在各地提供自助式的場地。親民的價格、有質感的空間。極地個人位，提供個人辦公、讀書、繪畫等多種用途。,如欲飲食、談話，請以不影響他人為主，並在使用後將環境復原。,離開時請歸還借用物品，並將桌面整理乾淨。,https://i.imgur.com/UdWrP1E.png,0,25.0539759,121.5505238,台北小巨蛋站
101,2461,2017-11-22 12:06:36,2019-12-05 22:09:59,小巨蛋 B,https://i.imgur.com/CS47xog.jpg,2,120,0,1,105,臺北市,松山區,敦化北路145巷12號4樓-B,小巨蛋站1號出口上來後右轉，走路約5分鐘。,Treerful小樹屋 是以時計價的出租空間，在各地提供自助式的場地。親民的價格、有質感的空間，它是您舒適的教室、會議室、讀書會、聚會場地。,會受到走廊些許聲音影響。,場地無提供且「禁止」使用麥克風及擴音設備，以維護鄰居環境安寧。,https://i.imgur.com/G7SWjec.png,0,25.0539759,121.5505238,台北小巨蛋站
102,2465,2017-11-22 12:09:18,2019-12-05 22:09:59,小巨蛋 C,https://i.imgur.com/otVF2bM.jpg,2,110,0,1,105,臺北市,松山區,敦化北路145巷12號4樓-C,小巨蛋站1號出口上來後右轉，走路約5分鐘。,Treerful小樹屋 是以時計價的出租空間，在各地提供自助式的場地。親民的價格、有質感的空間，它是您舒適的教室、會議室、讀書會、聚會場地。,會受到走廊些許聲音影響。,場地無提供且「禁止」使用麥克風及擴音設備，以維護鄰居環境安寧。,https://i.imgur.com/qP53Wtj.png,0,25.0539759,121.5505238,台北小巨蛋站
103,2462,2017-11-22 12:14:09,2019-12-05 22:09:59,小巨蛋 D,https://i.imgur.com/O4Gpb1H.jpg,12,12000,0,6,105,臺北市,松山區,敦化北路145巷12號4樓-D,小巨蛋站1號出口上來後右轉，走路約5分鐘。,Treerful小樹屋 是以時計價的出租空間，在各地提供自助式的場地。親民的價格、有質感的空間，它是您舒適的教室、會議室、讀書會、聚會場地。,,場地無提供且「禁止」使用麥克風及擴音設備，以維護鄰居環境安寧。,https://i.imgur.com/RZ7ShdZ.png,0,25.0539759,121.5505238,台北小巨蛋站
104,2463,2017-11-22 13:58:22,2019-12-05 22:09:59,小巨蛋 E,https://i.imgur.com/a4Ysa3K.jpg,6,230,0,3,105,臺北市,松山區,敦化北路145巷12號4樓-E,小巨蛋站1號出口上來後右轉，走路約5分鐘。,Treerful小樹屋 是以時計價的出租空間，在各地提供自助式的場地。親民的價格、有質感的空間，它是您舒適的教室、會議室、讀書會、聚會場地。,,場地無提供且「禁止」使用麥克風及擴音設備，以維護鄰居環境安寧。,https://i.imgur.com/hEQpnFE.png,0,25.0539759,121.5505238,台北小巨蛋站
105,2464,2017-11-22 14:04:00,2019-12-05 22:09:59,小巨蛋 F,https://i.imgur.com/xNc4bDp.jpg,7,340,0,5,105,臺北市,松山區,敦化北路145巷12號4樓-F,小巨蛋站1號出口上來後右轉，走路約5分鐘。,Treerful小樹屋 是以時計價的出租空間，在各地提供自助式的場地。親民的價格、有質感的空間，它是您舒適的教室、會議室、讀書會、聚會場地。,,場地無提供且「禁止」使用麥克風及擴音設備，以維護鄰居環境安寧。,https://i.imgur.com/1JKVvAw.png,0,25.0539759,121.5505238,台北小巨蛋站
106,0,2017-12-12 11:33:14,2019-12-05 22:09:59,新．北車 B(含投影),https://i.imgur.com/w3v3qrE.jpg,16,430,0,13,100,臺北市,中正區,忠孝西路一段7號9樓900室,緊鄰台北車站、捷運台北車站M7出口(樓梯)步行一分鐘，忠孝東路及中山北路口。近台大醫院、監察院、多條路線公車。,Treerful小樹屋 是以時計價的出租空間，在各地提供自助式的場地。親民的價格、有質感的空間，它是您舒適的教室、會議室、讀書會、聚會場地。,新場地將於1/10後開放，可先行預約，唯價格將在正式開幕後調升。,場地無提供且「禁止」使用麥克風及擴音設備，以維繫鄰居環境安寧。,,0,25.0460064,121.5191759,台北車站
107,0,2017-12-12 11:44:34,2019-12-05 22:09:59,新．忠孝復興 202(含投影),https://i.imgur.com/HtW2uaH.jpg,20,550,0,12,106,臺北市,大安區,忠孝東路三段204號2樓-202室,捷運忠孝復興站2號出口步行5分鐘，住商不動產旁，204號入口進入。在忠孝東路上，有多班公車可抵達。,Treerful小樹屋 是以時計價的出租空間，在各地提供自助式的場地。親民的價格、有質感的空間，它是您舒適的教室、會議室、讀書會、聚會場地。,為維護社區安全，每日18:00後及假日，一樓大門須保持關閉，若有活動舉辦，請派人至一樓幫忙開門。場地將於1/10開放使用，除椅子外，規格與舊場地大致相同，可先行預約。,場地無提供且「禁止」使用麥克風及擴音設備，以維繫鄰居環境安寧。,,0,25.0414199,121.539546,忠孝復興站
108,0,2017-12-12 12:00:09,2019-12-05 22:09:59,新．南京復興 A(含投影),https://i.imgur.com/0PuFukS.jpg,22,460,0,12,104,臺北市,中山區,南京東路三段200號5樓507室-A,捷運南京復興站3號出口步行1分鐘，台建大樓，200號入口進入。在南京東路上，有多班公車可抵達。,Treerful小樹屋 是以時計價的出租空間，在各地提供自助式的場地。親民的價格、有質感的空間，它是您舒適的教室、會議室、讀書會、聚會場地。,新場地將於1/10後開放，除椅子外與舊場規格地大致相同，可先行預約。,場地無提供且「禁止」使用麥克風及擴音設備，以維繫鄰居環境安寧。,,0,25.0516787,121.5430588,南京復興站
109,0,2017-12-12 12:15:10,2019-12-05 22:09:59,新．南京復興 B(含投影),https://i.imgur.com/T9ZnGM8.jpg,22,400,0,12,104,臺北市,中山區,南京東路三段200號5樓507室-B,捷運南京復興站3號出口步行1分鐘，台建大樓，200號入口進入。在南京東路上，有多班公車可抵達。,Treerful小樹屋 是以時計價的出租空間，在各地提供自助式的場地。親民的價格、有質感的空間，它是您舒適的教室、會議室、讀書會、聚會場地。,新場地將於1/10後開放，裝潢與舊場地大致相同，唯主桌款式及椅子數量有所調整，可先行預約，價格將在正式開幕後調升。,場地無提供且「禁止」使用麥克風及擴音設備，以維繫鄰居環境安寧。,,0,25.0516787,121.5430588,南京復興站
110,0,2018-01-07 18:35:04,2019-12-05 22:10:00,東門 01,https://i.imgur.com/28R9xYi.jpg,6,260,1,6,106,臺北市,大安區,信義路二段222號4樓-1,捷運東門站5號出口，步行約1分鐘。,Treerful小樹屋 是以時計價的出租空間，在各地提供自助式的場地。親民的價格、有質感的空間，它是您舒適的教室、會議室、讀書會、聚會場地。,如遇一樓大門未開，請聯繫客服人員。,場地無提供且「禁止」使用麥克風及擴音設備，以維護鄰居環境安寧。室內設有監視器。,https://i.imgur.com/CcjGJxf.png,69,25.033409,121.531367,東門站
111,0,2018-01-07 18:36:06,2019-12-05 22:10:00,東門 02,https://i.imgur.com/AhIhYLD.jpg,10,400,1,6,106,臺北市,大安區,信義路二段222號4樓-2,捷運東門站5號出口，步行約1分鐘。,Treerful小樹屋 是以時計價的出租空間，在各地提供自助式的場地。親民的價格、有質感的空間，它是您舒適的教室、會議室、讀書會、聚會場地。,如遇一樓大門未開，請聯繫客服人員。,場地無提供且「禁止」使用麥克風及擴音設備，以維護鄰居環境安寧。室內設有監視器。,https://i.imgur.com/VnoUGz0.png,70,25.033409,121.531367,東門站
112,0,2018-01-07 18:37:10,2019-12-05 22:10:00,東門 03,https://i.imgur.com/5QtxM7B.jpg,3,140,1,2,106,臺北市,大安區,信義路二段222號4樓-3,捷運東門站5號出口，步行約1分鐘。,Treerful小樹屋 是以時計價的出租空間，在各地提供自助式的場地。親民的價格、有質感的空間，它是您舒適的教室、會議室、讀書會、聚會場地。,如遇一樓大門未開，請聯繫客服人員。,場地無提供且「禁止」使用麥克風及擴音設備，以維護鄰居環境安寧。室內設有監視器。,https://i.imgur.com/rjNfE5v.png,71,25.033409,121.531367,東門站
113,3,2018-01-07 18:38:02,2019-12-05 22:10:00,東門 04,https://i.imgur.com/WtYF6Hd.jpg,8,380,1,7,106,臺北市,大安區,信義路二段222號4樓-4,捷運東門站5號出口，步行約1分鐘。,Treerful小樹屋 是以時計價的出租空間，在各地提供自助式的場地。親民的價格、有質感的空間，它是您舒適的教室、會議室、讀書會、聚會場地。,如遇一樓大門未開，請聯繫客服人員。,場地無提供且「禁止」使用麥克風及擴音設備，以維護鄰居環境安寧。室內設有監視器。,https://i.imgur.com/SRQoWjn.png,72,25.033409,121.531367,東門站
114,5,2018-01-07 18:38:58,2019-12-05 22:10:00,東門 05,https://i.imgur.com/HqVX8as.jpg,8,340,1,5,106,臺北市,大安區,信義路二段222號4樓-5,捷運東門站5號出口，步行約1分鐘。,Treerful小樹屋 是以時計價的出租空間，在各地提供自助式的場地。親民的價格、有質感的空間，它是您舒適的教室、會議室、讀書會、聚會場地。,如遇一樓大門未開，請聯繫客服人員。,場地無提供且「禁止」使用麥克風及擴音設備，以維護鄰居環境安寧。室內設有監視器。,https://i.imgur.com/MZy2LOc.png,73,25.033409,121.531367,東門站
115,1,2018-01-07 18:39:39,2019-12-05 22:10:00,東門 06,https://i.imgur.com/3AVrkY6.jpg,4,180,1,2,106,臺北市,大安區,信義路二段222號4樓-6,捷運東門站5號出口，步行約1分鐘。,Treerful小樹屋 是以時計價的出租空間，在各地提供自助式的場地。親民的價格、有質感的空間，它是您舒適的教室、會議室、讀書會、聚會場地。,木製地板，入內須脫鞋 (如遇一樓大門未開，請聯繫客服人員)。,場地無提供且「禁止」使用麥克風及擴音設備，以維護鄰居環境安寧。室內設有監視器。,https://i.imgur.com/FjlTtbL.png,74,25.033409,121.531367,東門站
116,7,2018-01-07 18:40:27,2019-12-05 22:10:00,東門 07,https://i.imgur.com/IKEBLiD.jpg,2,150,1,2,106,臺北市,大安區,信義路二段222號4樓-7,捷運東門站5號出口，步行約1分鐘。,Treerful小樹屋 是以時計價的出租空間，在各地提供自助式的場地。親民的價格、有質感的空間，它是您舒適的教室、會議室、讀書會、聚會場地。,如遇一樓大門未開，請聯繫客服人員。,場地無提供且「禁止」使用麥克風及擴音設備，以維護鄰居環境安寧。室內設有監視器。,https://i.imgur.com/pMEoJ3p.png,75,25.033409,121.531367,東門站
117,8,2018-01-07 18:41:08,2019-12-05 22:10:00,東門 08,https://i.imgur.com/77HkySD.jpg,2,160,1,2,106,臺北市,大安區,信義路二段222號4樓-8,捷運東門站5號出口，步行約1分鐘。,Treerful小樹屋 是以時計價的出租空間，在各地提供自助式的場地。親民的價格、有質感的空間，它是您舒適的教室、會議室、讀書會、聚會場地。,如遇一樓大門未開，請聯繫客服人員。,場地無提供且「禁止」使用麥克風及擴音設備，以維護鄰居環境安寧。室內設有監視器。,https://i.imgur.com/beqOg4y.png,76,25.033409,121.531367,東門站
118,9,2018-01-07 18:41:50,2019-12-05 22:10:00,東門 09,https://i.imgur.com/RR0nRSG.jpg,2,150,1,1,106,臺北市,大安區,信義路二段222號4樓-9,捷運東門站5號出口，步行約1分鐘。,Treerful小樹屋 是以時計價的出租空間，在各地提供自助式的場地。親民的價格、有質感的空間，它是您舒適的教室、會議室、讀書會、聚會場地。,如遇一樓大門未開，請聯繫客服人員。,場地無提供且「禁止」使用麥克風及擴音設備，以維護鄰居環境安寧。室內設有監視器。,https://i.imgur.com/sKKUUwM.png,77,25.033409,121.531367,東門站
119,10,2018-01-07 18:42:42,2019-12-05 22:10:00,東門 10,https://i.imgur.com/pqs3YkF.jpg,2,140,1,2,106,臺北市,大安區,信義路二段222號4樓-10,捷運東門站5號出口，步行約1分鐘。,Treerful小樹屋 是以時計價的出租空間，在各地提供自助式的場地。親民的價格、有質感的空間，它是您舒適的教室、會議室、讀書會、聚會場地。,如遇一樓大門未開，請聯繫客服人員。,場地無提供且「禁止」使用麥克風及擴音設備，以維護鄰居環境安寧。室內設有監視器。,https://i.imgur.com/nf7nc7n.png,78,25.033409,121.531367,東門站
120,1,2018-01-07 18:45:09,2018-01-07 18:45:09,東門備用,https://i.imgur.com/WeR7K0N.png,1,1,0,1,201,基隆市,信義區,測試路,1,1,,,,0,,,
121,1,2018-01-07 18:46:27,2019-12-05 22:10:00,國父紀念館 A,https://i.imgur.com/IUMsyGx.jpg,14,500,1,10,106,臺北市,大安區,忠孝東路四段295號5樓-A,距離捷運國父紀念館站，1號出口步行約3分鐘。,Treerful小樹屋 是以時計價的出租空間，在各地提供自助式的場地。親民的價格、有質感的空間，它是您舒適的教室、會議室、讀書會、聚會場地。,,提供音響大型音響，僅支援藍牙播放；場地無提供麥克風。,https://i.imgur.com/3IPJ0ea.png,60,25.041724,121.555095,國父紀念館站
122,1,2018-01-07 18:47:08,2019-12-05 22:10:00,國父紀念館 B,https://i.imgur.com/ibJ2aC7.jpg,12,440,1,10,106,臺北市,大安區,忠孝東路四段295號5樓-B,距離捷運國父紀念館站，1號出口步行約3分鐘。,Treerful小樹屋 是以時計價的出租空間，在各地提供自助式的場地。親民的價格、有質感的空間，它是您舒適的教室、會議室、讀書會、聚會場地。,,場地無提供且「禁止」使用麥克風及擴音設備，以維護鄰居環境安寧。,https://i.imgur.com/Fmr1ND5.png,61,25.041724,121.555095,國父紀念館站
123,10,2018-01-07 18:47:57,2019-12-05 22:10:00,國父紀念館 C,https://i.imgur.com/XOKwnFk.jpg,8,360,1,9,106,臺北市,大安區,忠孝東路四段295號5樓-C,距離捷運國父紀念館站，1號出口步行約3分鐘。,Treerful小樹屋 是以時計價的出租空間，在各地提供自助式的場地。親民的價格、有質感的空間，它是您舒適的教室、會議室、讀書會、聚會場地。,,場地無提供且「禁止」使用麥克風及擴音設備，以維護鄰居環境安寧。,https://i.imgur.com/3qoQ38j.png,62,25.041724,121.555095,國父紀念館站
124,1,2018-01-07 18:48:43,2019-12-05 22:10:00,國父紀念館 D,https://i.imgur.com/jdaIcDD.jpg,12,410,1,9,106,臺北市,大安區,忠孝東路四段295號5樓-D,距離捷運國父紀念館站，1號出口步行約3分鐘。,Treerful小樹屋 是以時計價的出租空間，在各地提供自助式的場地。親民的價格、有質感的空間，它是您舒適的教室、會議室、讀書會、聚會場地。,,場地無提供且「禁止」使用麥克風及擴音設備，以維護鄰居環境安寧。,https://i.imgur.com/UAma6rD.png,63,25.041724,121.555095,國父紀念館站
125,1,2018-01-07 18:50:12,2019-12-05 22:10:00,國父紀念館 E,https://i.imgur.com/AFYSbYy.jpg,15,510,1,10,106,臺北市,大安區,忠孝東路四段295號5樓-E,距離捷運國父紀念館站，1號出口步行約3分鐘。,Treerful小樹屋 是以時計價的出租空間，在各地提供自助式的場地。親民的價格、有質感的空間，它是您舒適的教室、會議室、讀書會、聚會場地。,,場地無提供且「禁止」使用麥克風及擴音設備，以維護鄰居環境安寧。,https://i.imgur.com/E1IHo1a.png,64,25.041724,121.555095,國父紀念館站
126,123,2018-10-07 15:05:41,2019-12-05 22:10:01,大安復興 A,https://i.imgur.com/1TT0fN2.jpg,8,330,1,5,106,臺北市,大安區,復興南路一段259號5樓-1A,距大安捷運站6號出口步行約3分鐘。,卡其色的牆壁、黑金色的吊燈，配上簡約居家的設計風格，讓空間感受更為沉穩、安定。不論是輕鬆的聚會、正式的會議都十分合宜！,,場地無提供且「禁止」使用麥克風及擴音設備，以維繫鄰居環境安寧。,https://i.imgur.com/ZqSaTDT.png,50,25.0364536,121.5439049,大安站
127,124,2018-10-07 15:40:58,2019-12-05 22:10:01,大安復興 B,https://i.imgur.com/BxpayaS.jpg,8,280,1,4,106,臺北市,大安區,復興南路一段259號5樓-1B,距大安捷運站6號出口步行約3分鐘。,黑白色系的空間布置與家具點綴，讓這裡充滿了時尚的氣氛，加上一點銀色與金屬的質地，更讓空間多了一分優雅。很需要高質感空間的手作、會談等活動。,,場地無提供且「禁止」使用麥克風及擴音設備，以維繫鄰居環境安寧。,https://i.imgur.com/wBbMKuR.png,51,25.0364536,121.5439049,大安站
128,4352,2018-10-07 15:53:11,2019-12-05 22:10:01,大安復興 C,https://i.imgur.com/SG06ap6.jpg,4,220,1,3,106,臺北市,大安區,復興南路一段259號5樓-1C,距大安捷運站6號出口步行約3分鐘。,簡約的北歐居家風，在大理石的牆面與雪白家具相互襯托下，空間更為時尚俐落，用些許植物與金屬元素畫龍點睛後，顯得格外恬靜脫俗。不論是私密談話、拍照都能有很棒的享受。,,場地無提供且「禁止」使用麥克風及擴音設備，以維繫鄰居環境安寧。,https://i.imgur.com/TvGNlnZ.png,52,25.0364536,121.5439049,大安站
129,122,2018-10-07 15:58:20,2019-12-05 22:10:01,大安復興 D,https://i.imgur.com/HCPdwGK.jpg,6,290,1,5,106,臺北市,大安區,復興南路一段259號5樓-1D,距大安捷運站6號出口步行約3分鐘。,慵懶的居家風格，可以讓心情輕鬆許多。褐色、與綠色的元素，更是平靜心情最好的色調。配點咖啡與零食，享受當下就是這麼容易。,,場地無提供且「禁止」使用麥克風及擴音設備，以維繫鄰居環境安寧。,https://i.imgur.com/3DH9MJm.png,53,25.0364536,121.5439049,大安站
130,5441,2018-10-07 16:22:37,2019-12-05 22:10:01,大安復興 E,https://i.imgur.com/vc8Xfgm.jpg,10,380,1,7,106,臺北市,大安區,復興南路一段259號5樓-1E,距大安捷運站6號出口步行約3分鐘。,灰粉色系的空間，是一種神祕的浪漫，曖曖的高雅，讓這裡散發出更為迷人的氣息。來到這個空間，靈感泉湧是再正常不過的了。,,場地無提供且「禁止」使用麥克風及擴音設備，以維繫鄰居環境安寧。,https://i.imgur.com/inNajQ1.png,54,25.0364536,121.5439049,大安站
131,5235,2018-10-30 18:24:08,2019-12-05 22:10:01,北車承德 801,https://i.imgur.com/lNds51q.jpg,4,210,1,3,103,臺北市,大同區,承德路一段35號8樓之2-801,捷運台北車站M1出口，步行約6分鐘；中山站6號出口，步行約4分鐘。,淡雅的紅磚色牆面，配上仿古典的西式家具，讓這裡多了一份祥和與溫暖，能更輕鬆在這個小小空間中，享受美好的時光。,,場地無提供且「禁止」使用麥克風及擴音設備，以維繫鄰居環境安寧。,https://i.imgur.com/NxDgLvw.png,45,25.0511146,121.5172929,中山站
132,1245,2018-10-30 18:29:34,2019-12-05 22:10:01,北車承德 802,https://i.imgur.com/CLIj1TZ.jpg,6,310,1,5,103,臺北市,大同區,承德路一段35號8樓之2-802,捷運台北車站M1出口，步行約6分鐘；中山站6號出口，步行約4分鐘。,從忙碌的城市中偷一個小小的喘息空間，以卡其色為主視覺，點綴著木製家具，讓安逸氛圍滿溢於此。,,場地無提供且「禁止」使用麥克風及擴音設備，以維護鄰居環境安寧。,https://i.imgur.com/Hu1yjz6.png,46,25.0511146,121.5172929,中山站
133,2346,2018-10-30 18:29:38,2019-12-05 22:10:01,北車承德 803,https://i.imgur.com/N1RZg8C.jpg,6,250,1,5,103,臺北市,大同區,承德路一段35號8樓之2-803,捷運台北車站M1出口，步行約6分鐘；中山站6號出口，步行約4分鐘。,硬實的卡其灰給這裡增添不少安全感，從杏色的牆面望向窗外，讓人有了安定走下去的力量。,,場地無提供且「禁止」使用麥克風及擴音設備，以維護鄰居環境安寧。,https://i.imgur.com/Iux6cmq.png,47,25.0511146,121.5172929,中山站
134,5435,2018-10-30 18:29:43,2019-12-05 22:10:01,北車承德 804,https://i.imgur.com/XIVVecz.jpg,6,320,1,5,103,臺北市,大同區,承德路一段35號8樓之2-804,捷運台北車站M1出口，步行約6分鐘；中山站6號出口，步行約4分鐘。,全沙發的小空間，用彩度低的灰色視覺，配上粉藍的家具，帶出一種既典雅又舒適的居家氛圍。,,場地無提供且「禁止」使用麥克風及擴音設備，以維護鄰居環境安寧。,https://i.imgur.com/MeriFtn.png,48,25.0511146,121.5172929,中山站
135,4643,2018-10-30 18:29:47,2019-12-05 22:10:01,北車承德 805,https://i.imgur.com/rQ6RgEs.jpg,16,500,1,11,103,臺北市,大同區,承德路一段35號8樓之2-805,捷運台北車站M1出口，步行約6分鐘；中山站6號出口，步行約4分鐘。,專業與質感的黑白空間，點綴著軟質沙發與格紋抱枕，讓開會、上課都能在專心的同時，依然保有熱情與活力。,,場地無提供且「禁止」使用麥克風及擴音設備，以維護鄰居環境安寧。,https://i.imgur.com/rjXaIwF.png,49,25.0511146,121.5172929,中山站
136,3241,2018-11-07 17:56:12,2019-12-05 22:10:01,古亭 601,https://i.imgur.com/ERe0bB6.jpg,20,500,0,10,100,臺北市,中正區,羅斯福路二段70號6樓之1-601,古亭捷運站7號出口，步行約1分鐘。,小樹屋第一間跳舞活動空間，這裡我們特別加強了隔音，有架高的木地板以及整面的落地鏡，希望能帶給您不一樣的空間體驗。,室內木地板，入內須脫鞋，請將鞋置於門口鞋櫃中。,公共區有置物櫃，如欲租用歡迎聯繫客服。空間內含整面牆的落地鏡，場地無提供且「禁止」使用麥克風，播放音樂時請用小型喇叭並控制音量，以維繫鄰居環境安寧。,https://i.imgur.com/zlKBehs.png,0,25.0272797,121.5220325,古亭站
137,1241,2018-11-07 17:59:58,2019-12-05 22:10:01,古亭 602,https://i.imgur.com/LofM8MD.jpg,4,190,1,4,100,臺北市,中正區,羅斯福路二段70號6樓之1-602,古亭捷運站7號出口，步行約1分鐘。,精巧的空間，漆上了大地與天空的顏色，磁磚上的花朵，也許會讓你更能感受生活中的每一刻。,隔壁的601為舞蹈教室，雖有加強隔音，但仍會受影響，若您需要較安靜的空間，建議使用其他小型空間。,公共區有置物櫃，如欲租用歡迎聯繫客服。場地無提供且「禁止」使用麥克風及擴音設備，以維護鄰居環境安寧。,https://i.imgur.com/f2FtMJq.png,42,25.0272797,121.5220325,古亭站
138,5234,2018-11-07 18:00:25,2019-12-05 22:10:01,古亭 603,https://i.imgur.com/SvUzPi7.jpg,12,380,1,9,100,臺北市,中正區,羅斯福路二段70號6樓之1-603,古亭捷運站7號出口，步行約1分鐘。,輕鬆優雅的裝潢，配上隔間的小包廂，彷彿在家中開了個小舞廳一般，不論是開會、聚餐，相信都會是舒服的氣氛。,,公共區有置物櫃，如欲租用歡迎聯繫客服。場地無提供且「禁止」使用麥克風及擴音設備，以維護鄰居環境安寧。,https://i.imgur.com/RoswTFx.png,43,25.0272797,121.5220325,古亭站
139,5423,2018-11-07 18:00:50,2019-12-05 22:10:01,古亭 604,https://i.imgur.com/unZiIJL.jpg,10,360,1,7,100,臺北市,中正區,羅斯福路二段70號6樓之1-604,古亭捷運站7號出口，步行約1分鐘。,以淺木色的基底，創造一種小樹屋獨有的工業風，淡淡的灰藍色調，把工業的硬派減少一點，多了一點家的溫馨。,,公共區有置物櫃，如欲租用歡迎聯繫客服。場地無提供且「禁止」使用麥克風及擴音設備，以維護鄰居環境安寧。,https://i.imgur.com/PApRbOv.png,44,25.0272797,121.5220325,古亭站
140,8934,2018-12-25 11:42:25,2019-12-05 22:10:01,古亭 1101,https://i.imgur.com/0JItQ9N.jpg,12,370,1,9,100,臺北市,中正區,羅斯福路二段70號11樓之4-1101室,交通方便，位處於羅斯福路與和平東路口，距離古亭捷運站7號出口步行1分鐘即可以抵達，樓下是Tutor ABC，近台師大，文教氣息濃厚。,Treerful小樹屋 是以時計價的出租空間，在各地提供自助式的場地。親民的價格、有質感的空間，它是您舒適的教室、會議室、讀書會、聚會場地。,,場地無提供且「禁止」使用麥克風及擴音設備，以維護鄰居環境安寧。,https://i.imgur.com/nXj7Iby.png,40,25.0272797,121.5220325,古亭站
141,8258,2018-12-25 12:34:38,2019-12-05 22:10:01,古亭 1102,https://i.imgur.com/CehUufr.jpg,12,370,1,9,100,臺北市,中正區,羅斯福路二段70號11樓之4-1102室,交通方便，位處於羅斯福路與和平東路口，距離古亭捷運站7號出口步行1分鐘即可以抵達，樓下是Tutor ABC，近台師大，文教氣息濃厚。,Treerful小樹屋 是以時計價的出租空間，在各地提供自助式的場地。親民的價格、有質感的空間，它是您舒適的教室、會議室、讀書會、聚會場地。,,場地無提供且「禁止」使用麥克風及擴音設備，以維護鄰居環境安寧。,https://i.imgur.com/1dVQK3c.png,41,25.0272797,121.5220325,古亭站
142,1231,2018-12-27 16:28:49,2019-12-05 22:10:01,忠孝復興 A,https://i.imgur.com/76Df31A.jpg,22,600,0,20,106,臺北市,大安區,安東街44號B1-A,忠孝復興捷運站1號出口，步行約3分鐘。直接進入「東方主義有限公司」大門即可，並配合一樓櫃台人員引導下樓。,Treerful小樹屋 與「暗角咖啡」及「東方主義有限公司」全新合作的出租空間，一樓暗角咖啡提供優惠餐飲服務。Treerful小樹屋是以時計價的出租空間，在各地提供自助式的場地。親民的價格、有質感的空間，它是您舒適的教室、會議室、讀書會、聚會場地。(此場地不適用暢遊方案),此空間位於地下室(無電梯)，一樓暗角咖啡有提供餐飲服務，活動期間小樹屋客人優惠，飲品不限品項100元。,場地「禁止」使用麥克風及擴音設備，以維繫鄰居環境安寧。離場時務必配合將桌椅復原歸位。,https://i.imgur.com/BT9D34k.png,0,25.0437126,121.5421649,忠孝復興站
143,8482,2018-12-27 16:37:06,2019-12-05 22:10:01,忠孝復興 B,https://i.imgur.com/uxxJbId.jpg,12,500,0,8,106,臺北市,大安區,安東街44號B1-B,忠孝復興捷運站1號出口，步行約3分鐘。直接進入「東方主義有限公司」大門即可，並配合一樓櫃台人員引導下樓。,Treerful小樹屋 與「暗角咖啡」及「東方主義有限公司」全新合作的出租空間，一樓暗角咖啡提供優惠餐飲服務。Treerful小樹屋是以時計價的出租空間，在各地提供自助式的場地。親民的價格、有質感的空間，它是您舒適的教室、會議室、讀書會、聚會場地。(此場地不適用暢遊方案),此空間位於地下室(無電梯)，一樓暗角咖啡有提供餐飲服務，活動期間小樹屋客人優惠，飲品不限品項100元。,場地「禁止」使用麥克風及擴音設備，以維繫鄰居環境安寧。離場時務必配合將桌椅復原歸位。,https://i.imgur.com/jS9esmk.png,0,25.0437126,121.5421649,忠孝復興站
144,1658,2019-02-01 6:14:22,2019-12-05 22:10:01,中正紀念堂 601,https://i.imgur.com/lbDODIf.jpg,4,190,1,4,100,臺北市,中正區,寧波東街1號6樓-601,交通方便，緊鄰中正紀念堂、捷運中正紀念堂站3號出口步行一分鐘，羅斯福路與寧波東街口。近中央銀行、中正紀念堂，有多條路線公車。,Treerful小樹屋 是以時計價的出租空間，在各地提供自助式的場地。親民的價格、有質感的空間，它是您舒適的教室、會議室、讀書會、聚會場地。,《為配合本大樓進出管理，所有訪客需代表簽名及寄押證件以領取場地證》,場地無提供且「禁止」使用麥克風及擴音設備，以維繫鄰居環境安寧。,https://i.imgur.com/60NGNze.png,35,25.0318808,121.5193721,中正紀念堂站
145,6856,2019-02-01 6:14:27,2019-12-05 22:10:01,中正紀念堂 602,https://i.imgur.com/22RBroc.jpg,10,340,1,5,100,臺北市,中正區,寧波東街1號6樓-602,交通方便，緊鄰中正紀念堂、捷運中正紀念堂站3號出口步行一分鐘，羅斯福路與寧波東街口。近中央銀行、中正紀念堂，有多條路線公車。,Treerful小樹屋 是以時計價的出租空間，在各地提供自助式的場地。親民的價格、有質感的空間，它是您舒適的教室、會議室、讀書會、聚會場地。,《為配合本大樓進出管理，所有訪客需代表簽名及寄押證件以領取場地證》,場地無提供且「禁止」使用麥克風及擴音設備，以維繫鄰居環境安寧。,https://i.imgur.com/Dm3BTS3.png,36,25.0318808,121.5193721,中正紀念堂站
146,3664,2019-02-01 6:14:28,2019-12-05 22:10:01,中正紀念堂 604,https://i.imgur.com/kuLREOy.jpg,12,260,1,5,100,臺北市,中正區,寧波東街1號6樓-604,交通方便，緊鄰中正紀念堂、捷運中正紀念堂站3號出口步行一分鐘，羅斯福路與寧波東街口。近中央銀行、中正紀念堂，有多條路線公車。,Treerful小樹屋 是以時計價的出租空間，在各地提供自助式的場地。親民的價格、有質感的空間，它是您舒適的教室、會議室、讀書會、聚會場地。,《為配合本大樓進出管理，所有訪客需代表簽名及寄押證件以領取場地證》,場地無提供且「禁止」使用麥克風及擴音設備，以維繫鄰居環境安寧。,https://i.imgur.com/b0oR9iH.png,38,25.0318808,121.5193721,中正紀念堂站
147,5252,2019-02-01 6:14:30,2019-12-05 22:10:01,中正紀念堂 603,https://i.imgur.com/Vqu82P5.jpg,8,290,1,5,100,臺北市,中正區,寧波東街1號6樓-603,交通方便，緊鄰中正紀念堂、捷運中正紀念堂站3號出口步行一分鐘，羅斯福路與寧波東街口。近中央銀行、中正紀念堂，有多條路線公車。,Treerful小樹屋 是以時計價的出租空間，在各地提供自助式的場地。親民的價格、有質感的空間，它是您舒適的教室、會議室、讀書會、聚會場地。,《為配合本大樓進出管理，所有訪客需代表簽名及寄押證件以領取場地證》,場地無提供且「禁止」使用麥克風及擴音設備，以維繫鄰居環境安寧。,https://i.imgur.com/KXp5wRI.png,37,25.0318808,121.5193721,中正紀念堂站
148,5125,2019-02-01 6:14:33,2019-12-05 22:10:01,中正紀念堂 605,https://i.imgur.com/8AKCJDD.jpg,30,680,1,14,100,臺北市,中正區,寧波東街1號6樓-605,交通方便，緊鄰中正紀念堂、捷運中正紀念堂站3號出口步行一分鐘，羅斯福路與寧波東街口。近中央銀行、中正紀念堂，有多條路線公車。,Treerful小樹屋 是以時計價的出租空間，在各地提供自助式的場地。親民的價格、有質感的空間，它是您舒適的教室、會議室、讀書會、聚會場地。,《為配合本大樓進出管理，所有訪客需代表簽名及寄押證件以領取場地證》。本空間不適用暢遊方案。,場地無提供且「禁止」使用麥克風及擴音設備，以維繫鄰居環境安寧。,https://i.imgur.com/BJf6hDx.png,39,25.0318808,121.5193721,中正紀念堂站
149,1929,2019-02-18 16:35:09,2019-12-05 22:10:02,民權西路 201,https://i.imgur.com/Au35VtY.jpg,13,410,1,10,104,臺北市,中山區,民權西路56號2樓-201,位於民權西路捷運站7號出口，步行約30秒。,"Treerful小樹屋 是以時計價的出租空間，在各地提供自助式的場地。親民的價格、有質感的空間，它是您舒適的教室、會議室、讀書會、聚會場地。
 本空間內3D列印吊燈罩委託「 Architchen 築房數位」 獨家客製。",場地無提供且「禁止」使用麥克風及擴音設備，以維繫鄰居環境安寧。,本大樓無電梯，須走樓梯上樓且樓梯稍窄。,https://i.imgur.com/N5rgj0G.png,21,25.062593,121.5203831,民權西路站
150,1230,2019-02-18 17:42:09,2019-12-05 22:10:02,民權西路 202,https://i.imgur.com/GgIqFVz.jpg,6,270,1,3,104,臺北市,中山區,民權西路56號2樓-202,位於民權西路捷運站7號出口，步行約30秒。,Treerful小樹屋 是以時計價的出租空間，在各地提供自助式的場地。親民的價格、有質感的空間，它是您舒適的教室、會議室、讀書會、聚會場地。,場地無提供且「禁止」使用麥克風及擴音設備，以維繫鄰居環境安寧。,本大樓無電梯，須走樓梯上樓且樓梯稍窄。,https://i.imgur.com/5Wj2lfm.png,22,25.062593,121.5203831,民權西路站
151,1233,2019-02-18 17:43:34,2019-12-05 22:10:02,民權西路 203,https://i.imgur.com/G4oamQg.jpg,6,290,1,3,104,臺北市,中山區,民權西路56號2樓-203,位於民權西路捷運站7號出口，步行約30秒。,"Treerful小樹屋 是以時計價的出租空間，在各地提供自助式的場地。親民的價格、有質感的空間，它是您舒適的教室、會議室、讀書會、聚會場地。
 本空間內3D列印吊燈罩委託「 Architchen 築房數位 」 獨家客製。",場地無提供且「禁止」使用麥克風及擴音設備，以維繫鄰居環境安寧。,本大樓無電梯，須走樓梯上樓且樓梯稍窄。,https://i.imgur.com/JwJuqt9.png,23,25.062593,121.5203831,民權西路站
152,1234,2019-02-18 18:02:11,2019-12-05 22:10:02,民權西路 204,https://i.imgur.com/iToFGJI.jpg,2,170,1,2,104,臺北市,中山區,民權西路56號2樓-204,位於民權西路捷運站7號出口，步行約30秒。,Treerful小樹屋 是以時計價的出租空間，在各地提供自助式的場地。親民的價格、有質感的空間，它是您舒適的教室、會議室、讀書會、聚會場地。,場地無提供且「禁止」使用麥克風及擴音設備，以維繫鄰居環境安寧。,本大樓無電梯，須走樓梯上樓且樓梯稍窄。,https://i.imgur.com/7XvWBCA.png,24,25.062593,121.5203831,民權西路站
153,1235,2019-02-18 18:04:20,2019-12-05 22:10:02,民權西路 301,https://i.imgur.com/kmU4XzB.jpg,8,290,1,5,104,臺北市,中山區,民權西路56號3樓-301,位於民權西路捷運站7號出口，步行約30秒。,Treerful小樹屋 是以時計價的出租空間，在各地提供自助式的場地。親民的價格、有質感的空間，它是您舒適的教室、會議室、讀書會、聚會場地。,場地無提供且「禁止」使用麥克風及擴音設備，以維繫鄰居環境安寧。,本大樓無電梯，須走樓梯上樓且樓梯稍窄。,https://i.imgur.com/ID6BP82.png,25,25.062593,121.5203831,民權西路站
154,1237,2019-02-18 18:05:37,2019-12-05 22:10:02,民權西路 302,https://i.imgur.com/XPBz9kf.jpg,4,230,1,3,104,臺北市,中山區,民權西路56號3樓-302,位於民權西路捷運站7號出口，步行約30秒。,Treerful小樹屋 是以時計價的出租空間，在各地提供自助式的場地。親民的價格、有質感的空間，它是您舒適的教室、會議室、讀書會、聚會場地。,場地無提供且「禁止」使用麥克風及擴音設備，以維繫鄰居環境安寧。,本大樓無電梯，須走樓梯上樓且樓梯稍窄。,https://i.imgur.com/EeJLcMU.png,26,25.062593,121.5203831,民權西路站
155,1239,2019-02-18 18:06:47,2019-12-05 22:10:02,民權西路 303,https://i.imgur.com/XB724qN.jpg,4,260,1,3,104,臺北市,中山區,民權西路56號3樓-303,位於民權西路捷運站7號出口，步行約30秒。,Treerful小樹屋 是以時計價的出租空間，在各地提供自助式的場地。親民的價格、有質感的空間，它是您舒適的教室、會議室、讀書會、聚會場地。,場地無提供且「禁止」使用麥克風及擴音設備，以維繫鄰居環境安寧。,本大樓無電梯，須走樓梯上樓且樓梯稍窄。,https://i.imgur.com/j6an894.png,27,25.062593,121.5203831,民權西路站
156,1238,2019-02-18 18:07:56,2019-12-05 22:10:02,民權西路 304,https://i.imgur.com/NVsopek.jpg,2,160,1,2,104,臺北市,中山區,民權西路56號3樓-304,位於民權西路捷運站7號出口，步行約30秒。,Treerful小樹屋 是以時計價的出租空間，在各地提供自助式的場地。親民的價格、有質感的空間，它是您舒適的教室、會議室、讀書會、聚會場地。,場地無提供且「禁止」使用麥克風及擴音設備，以維繫鄰居環境安寧。,本大樓無電梯，須走樓梯上樓且樓梯稍窄。,https://i.imgur.com/sk4OEyn.png,28,25.062593,121.5203831,民權西路站
157,1987,2019-02-18 18:15:39,2019-12-05 22:10:02,民權西路 401,https://i.imgur.com/LM10exN.jpg,10,330,1,5,104,臺北市,中山區,民權西路56號4樓-401,位於民權西路捷運站7號出口，步行約30秒。,"Treerful小樹屋 是以時計價的出租空間，在各地提供自助式的場地。親民的價格、有質感的空間，它是您舒適的教室、會議室、讀書會、聚會場地。
 本空間內3D列印吊燈罩委託「 Architchen 築房數位」 獨家客製。",場地無提供且「禁止」使用麥克風及擴音設備，以維繫鄰居環境安寧。,本大樓無電梯，須走樓梯上樓且樓梯稍窄。,https://i.imgur.com/U6OC3eQ.png,29,25.062593,121.5203831,民權西路站
158,1988,2019-02-18 18:15:49,2019-12-05 22:10:02,民權西路 402,https://i.imgur.com/FKbjUhr.jpg,6,260,1,4,104,臺北市,中山區,民權西路56號4樓-402,位於民權西路捷運站7號出口，步行約30秒。,Treerful小樹屋 是以時計價的出租空間，在各地提供自助式的場地。親民的價格、有質感的空間，它是您舒適的教室、會議室、讀書會、聚會場地。,場地無提供且「禁止」使用麥克風及擴音設備，以維繫鄰居環境安寧。,本大樓無電梯，須走樓梯上樓且樓梯稍窄。,https://i.imgur.com/4CGkGCR.png,30,25.062593,121.5203831,民權西路站
159,1989,2019-02-18 18:16:03,2019-12-05 22:10:02,民權西路 403,https://i.imgur.com/Y7gRdqc.jpg,3,150,1,2,104,臺北市,中山區,民權西路56號4樓-403,位於民權西路捷運站7號出口，步行約30秒。,Treerful小樹屋 是以時計價的出租空間，在各地提供自助式的場地。親民的價格、有質感的空間，它是您舒適的教室、會議室、讀書會、聚會場地。,場地無提供且「禁止」使用麥克風及擴音設備，以維繫鄰居環境安寧。,本大樓無電梯，須走樓梯上樓且樓梯稍窄。,https://i.imgur.com/GLvdoAf.png,31,25.062593,121.5203831,民權西路站
160,1990,2019-02-18 18:16:17,2019-12-05 22:10:02,民權西路 404,https://i.imgur.com/lREm3lj.jpg,10,330,1,4,104,臺北市,中山區,民權西路56號4樓-404,位於民權西路捷運站7號出口，步行約30秒。,Treerful小樹屋 是以時計價的出租空間，在各地提供自助式的場地。親民的價格、有質感的空間，它是您舒適的教室、會議室、讀書會、聚會場地。,場地無提供且「禁止」使用麥克風及擴音設備，以維繫鄰居環境安寧。,本大樓無電梯，須走樓梯上樓且樓梯稍窄。,https://i.imgur.com/2eNadfT.png,32,25.062593,121.5203831,民權西路站
161,1991,2019-02-18 18:16:35,2019-12-05 22:10:02,民權西路 405,https://i.imgur.com/6TwUfGN.jpg,4,250,1,4,104,臺北市,中山區,民權西路56號4樓-405,位於民權西路捷運站7號出口，步行約30秒。,Treerful小樹屋 是以時計價的出租空間，在各地提供自助式的場地。親民的價格、有質感的空間，它是您舒適的教室、會議室、讀書會、聚會場地。,場地無提供且「禁止」使用麥克風及擴音設備，以維繫鄰居環境安寧。,本大樓無電梯，須走樓梯上樓且樓梯稍窄。,https://i.imgur.com/7OGQsxU.png,33,25.062593,121.5203831,民權西路站
162,1992,2019-02-18 18:17:17,2019-12-05 22:10:02,民權西路 501,https://i.imgur.com/IEEzYPO.jpg,20,570,1,15,104,臺北市,中山區,民權西路56號5樓-501,位於民權西路捷運站7號出口，步行約30秒。,"Treerful小樹屋 是以時計價的出租空間，在各地提供自助式的場地。親民的價格、有質感的空間，它是您舒適的教室、會議室、讀書會、聚會場地。

 本空間內3D列印吊燈罩委託「 Architchen 築房數位」 獨家客製。",場地無提供且「禁止」使用麥克風及擴音設備，以維繫鄰居環境安寧。本空間不適用暢遊方案。,本大樓無電梯，須走樓梯上樓且樓梯稍窄。為維護空間安全，室內裝有監視器。,https://i.imgur.com/KOTgMQx.png,34,25.062593,121.5203831,民權西路站
163,5424,2019-03-12 12:06:14,2019-12-05 22:10:02,長安松江 A,https://i.imgur.com/lookFo1.jpg,10,300,1,4,104,臺北市,中山區,長安東路二段52號7樓-A,距捷運松江南京站 3 號出口350公尺，步行約4分鐘。,Treerful小樹屋 是以時計價的出租空間，在各地提供自助式的場地。親民的價格、有質感的空間，它是您舒適的教室、會議室、讀書會、聚會場地。,,場地無提供且「禁止」使用麥克風及擴音設備，以維繫鄰居環境安寧。※為配合本大樓進出管理，所有訪客進入時需向管理員告知。,https://i.imgur.com/Qfi6YEx.png,18,25.0483529,121.5325303,松江南京站
164,2484,2019-03-12 12:13:38,2019-12-05 22:10:02,長安松江 B,https://i.imgur.com/W3oamCS.jpg,8,270,1,4,104,臺北市,中山區,長安東路二段52號7樓-B,距捷運松江南京站 3 號出口350公尺，步行約4分鐘。,Treerful小樹屋 是以時計價的出租空間，在各地提供自助式的場地。親民的價格、有質感的空間，它是您舒適的教室、會議室、讀書會、聚會場地。,,場地無提供且「禁止」使用麥克風及擴音設備，以維繫鄰居環境安寧。※為配合本大樓進出管理，所有訪客進入時需向管理員告知。,https://i.imgur.com/rjzGuqU.png,19,25.0483529,121.5325303,松江南京站
165,7896,2019-03-12 12:26:14,2019-12-05 22:10:02,長安松江 C,https://i.imgur.com/civuGKY.jpg,5,280,1,4,104,臺北市,中山區,長安東路二段52號7樓-C,距捷運松江南京站 3 號出口350公尺，步行約4分鐘。,Treerful小樹屋 是以時計價的出租空間，在各地提供自助式的場地。親民的價格、有質感的空間，它是您舒適的教室、會議室、讀書會、聚會場地。,,場地無提供且「禁止」使用麥克風及擴音設備，以維繫鄰居環境安寧。※為配合本大樓進出管理，所有訪客進入時需向管理員告知。,https://i.imgur.com/bAnc2h4.png,20,25.0483529,121.5325303,松江南京站
166,166,2019-03-15 15:56:07,2019-12-05 22:10:03,港墘金鋒山 9A,https://i.imgur.com/l0ebdkK.jpg,8,370,0,4,114,臺北市,內湖區,瑞光路168號9樓-9A,港墘站1號出口步行約12分鐘。出捷運後可搭乘646及藍7到達「瑞光路」公車站，下車後步行1分鐘可抵達。,本間小樹屋與內湖港墘站之金鋒山商務中心合作，請於一樓向管理員換電梯磁卡上9樓，9樓門口會有秘書協助開大門。,本空間禁止攜帶食物，可攜帶飲料及水，請於用畢後將垃圾帶至公共區域垃圾桶丟棄。,"場地無提供且「禁止」使用麥克風及擴音設備，以維繫環境安寧。
※為配合本大樓進出管理，所有訪客進入時需向管理員換電梯感應卡。",https://i.imgur.com/7qahaK9.png,0,25.0739011,121.5785991,捷運港墘站
167,167,2019-03-27 17:26:06,2019-08-07 16:32:57,港墘金鋒山 9B,https://i.imgur.com/lrjzIui.jpg,10,420,0,4,114,臺北市,內湖區,瑞光路168號9樓-9B,港墘站1號出口步行約12分鐘。出捷運後可搭乘646及藍7到達「瑞光路」公車站，下車後步行1分鐘可抵達。,本間小樹屋與內湖港墘站之金鋒山商務中心合作，請於一樓向管理員換電梯磁卡上9樓，9樓門口會有秘書協助開大門。,本空間禁止攜帶食物，可攜帶飲料及水，請於用畢後將垃圾帶至公共區域垃圾桶丟棄。,"場地無提供且「禁止」使用麥克風及擴音設備，以維繫環境安寧。
※為配合本大樓進出管理，所有訪客進入時需向管理員換電梯感應卡。",https://i.imgur.com/wooFuz6.png,0,25.0739011,121.5785991,捷運港墘站
168,2131,2019-05-24 10:58:19,2019-12-05 22:10:03,大安瑞安 A,https://i.imgur.com/lf13a6f.jpg,5,280,1,3,106,臺北市,大安區,復興南路二段65號2樓之3-A,近大安捷運站4號出口，步行350m約4分鐘。,Treerful小樹屋 是以時計價的出租空間，在各地提供自助式的場地。親民的價格、有質感的空間，它是您舒適的教室、辦公室、會議室、讀書會、聚會場地。,嚴禁逗留公共區域、大聲喧嘩、進行大型派對活動，若影響到住戶安寧，恐觸犯《噪音管制法》、《社會秩序維護法》。,場地無提供且「禁止」使用麥克風及擴音設備，以維繫鄰居環境安寧。,https://i.imgur.com/SDcIk5M.png,15,25.030611,121.543764,大安站
169,3441,2019-05-24 10:59:10,2019-12-05 22:10:03,大安瑞安 B,https://i.imgur.com/df8TvnB.jpg,6,240,1,3,106,臺北市,大安區,復興南路二段65號2樓之3-B,近大安捷運站4號出口，步行350m約4分鐘。,Treerful小樹屋 是以時計價的出租空間，在各地提供自助式的場地。親民的價格、有質感的空間，它是您舒適的教室、辦公室、會議室、讀書會、聚會場地。,嚴禁逗留公共區域、大聲喧嘩、進行大型派對活動，若影響到住戶安寧，恐觸犯《噪音管制法》、《社會秩序維護法》。,場地無提供且「禁止」使用麥克風及擴音設備，以維繫鄰居環境安寧。,https://i.imgur.com/kA2wlXe.png,16,25.030611,121.543764,大安站
170,2321,2019-05-24 10:59:55,2019-12-05 22:10:03,大安瑞安 C,https://i.imgur.com/OVR5fo7.jpg,12,300,1,4,106,臺北市,大安區,復興南路二段65號2樓之3-C,近大安捷運站4號出口，步行350m約4分鐘。,Treerful小樹屋 是以時計價的出租空間，在各地提供自助式的場地。親民的價格、有質感的空間，它是您舒適的教室、辦公室、會議室、讀書會、聚會場地。,嚴禁逗留公共區域、大聲喧嘩、進行大型派對活動，若影響到住戶安寧，恐觸犯《噪音管制法》、《社會秩序維護法》。,場地無提供且「禁止」使用麥克風及擴音設備，以維繫鄰居環境安寧。,https://i.imgur.com/IScl81b.png,17,25.030611,121.543764,大安站
171,8419,2019-07-31 18:43:59,2019-12-05 22:10:03,信義安和小驢館,https://i.imgur.com/lLZa0mV.jpg,24,800,0,19,106,臺北市,大安區,信義路四段265巷12弄21號,捷運信義安和站，5號出口步行約2分鐘。,本空間暫不提供租借，已完成租借者，仍可於預定時間使用空間。,請勿從事幼兒活動﹑超過40人的大型活動，以及過於喧嘩之行為。,另附音響與麥克風1支，設備操作將由現場人員協助；未經同意請勿使用非網站上公告之店家物品。,https://i.imgur.com/gVaJbIV.png,0,25.034836,121.55385,信義安和站
172,123,2019-07-31 18:47:22,2019-12-05 22:10:04,古亭南昌 12A,https://i.imgur.com/x4WIs0o.jpg,8,270,1,3,100,臺北市,中正區,南昌路二段222號12樓A室,古亭捷運站2號出口，步行約3分鐘。,Treerful小樹屋 是以時計價的出租空間，在各地提供自助式的場地。親民的價格、有質感的空間，它是您舒適的教室、會議室、讀書會、聚會場地。,,場地無提供且「禁止」使用麥克風及擴音設備，以維繫鄰居環境安寧。,https://i.imgur.com/V7dXv2S.png,9,25.023839,121.52452,古亭站
173,123,2019-07-31 18:47:27,2019-12-05 22:10:04,古亭南昌 12B,https://i.imgur.com/SX3KWVD.jpg,1,130,1,1,100,臺北市,中正區,南昌路二段222號12樓B室,古亭捷運站2號出口，步行約3分鐘。,Treerful小樹屋 是以時計價的出租空間，在各地提供自助式的場地。親民的價格、有質感的空間，它是您舒適的教室、會議室、讀書會、聚會場地。,,場地無提供且「禁止」使用麥克風及擴音設備，以維繫鄰居環境安寧。,https://i.imgur.com/v9SHMGa.png,10,25.023839,121.52452,古亭站
174,1525,2019-07-31 20:57:07,2019-12-05 22:10:04,古亭南昌 12C,https://i.imgur.com/Iz3a6rZ.jpg,6,300,1,4,100,臺北市,中正區,南昌路二段222號12樓C室,古亭捷運站2號出口，步行約3分鐘。,Treerful小樹屋 是以時計價的出租空間，在各地提供自助式的場地。親民的價格、有質感的空間，它是您舒適的教室、會議室、讀書會、聚會場地。,,場地無提供且「禁止」使用麥克風及擴音設備，以維繫鄰居環境安寧。,https://i.imgur.com/oHzkBf6.png,0,25.023839,121.52452,古亭站
175,1616,2019-07-31 20:58:45,2019-12-05 22:10:04,古亭南昌 12D,https://i.imgur.com/HfQrYxp.jpg,10,310,1,3,100,臺北市,中正區,南昌路二段222號12樓D室,古亭捷運站2號出口，步行約3分鐘。,Treerful小樹屋 是以時計價的出租空間，在各地提供自助式的場地。親民的價格、有質感的空間，它是您舒適的教室、會議室、讀書會、聚會場地。,,場地無提供且「禁止」使用麥克風及擴音設備，以維繫鄰居環境安寧。,https://i.imgur.com/JlZqj3K.png,11,25.023839,121.52452,古亭站
176,1616,2019-07-31 20:58:48,2019-12-05 22:10:04,古亭南昌 12E,https://i.imgur.com/kDNqSKy.jpg,6,250,1,2,100,臺北市,中正區,南昌路二段222號12樓E室,古亭捷運站2號出口，步行約3分鐘。,Treerful小樹屋 是以時計價的出租空間，在各地提供自助式的場地。親民的價格、有質感的空間，它是您舒適的教室、會議室、讀書會、聚會場地。,,場地無提供且「禁止」使用麥克風及擴音設備，以維繫鄰居環境安寧。,https://i.imgur.com/XnpNlPq.png,12,25.023839,121.52452,古亭站
177,1616,2019-07-31 20:59:07,2019-12-05 22:10:04,古亭南昌 12F,https://i.imgur.com/WzccUsz.jpg,4,240,1,2,100,臺北市,中正區,南昌路二段222號12樓F室,古亭捷運站2號出口，步行約3分鐘。,Treerful小樹屋 是以時計價的出租空間，在各地提供自助式的場地。親民的價格、有質感的空間，它是您舒適的教室、會議室、讀書會、聚會場地。,,場地無提供且「禁止」使用麥克風及擴音設備，以維繫鄰居環境安寧。,https://i.imgur.com/1XQkwIH.png,13,25.023839,121.52452,古亭站
178,1616,2019-07-31 20:59:29,2019-12-05 22:10:04,古亭南昌 12G,https://i.imgur.com/jfEZoye.jpg,5,280,1,5,100,臺北市,中正區,南昌路二段222號12樓G室,古亭捷運站2號出口，步行約3分鐘。,"Treerful小樹屋 是以時計價的出租空間，在各地提供自助式的場地。親民的價格、有質感的空間。
本空間內3D列印吊燈罩委託「 Architchen 築房數位 」獨家客製。",,場地無提供且「禁止」使用麥克風及擴音設備，以維繫鄰居環境安寧。,https://i.imgur.com/DPoqR5V.png,14,25.023839,121.52452,古亭站
179,1616,2019-07-31 21:00:21,2019-12-05 22:10:04,北車承德901,https://i.imgur.com/blgAurq.jpg,2,140,1,1,103,臺北市,大同區,承德路1段35號9樓之2-901,捷運台北車站M1出口，步行約6分鐘；中山站6號出口，步行約4分鐘。,Treerful小樹屋 是以時計價的出租空間，在各地提供自助式的場地。親民的價格、有質感的空間，它是您舒適的教室、會議室、讀書會、聚會場地。,,場地無提供且「禁止」使用麥克風及擴音設備，以維繫鄰居環境安寧。,https://i.imgur.com/nUfKDoT.png,6,25.0511146,121.5172929,中山站
180,167,2019-09-23 4:15:37,2019-12-05 22:10:04,北車承德902,https://i.imgur.com/FGvMvvb.jpg,10,300,1,3,103,臺北市,大同區,承德路1段35號9樓之2-902,捷運台北車站M1出口，步行約6分鐘；中山站6號出口，步行約4分鐘。,Treerful小樹屋 是以時計價的出租空間，在各地提供自助式的場地。親民的價格、有質感的空間，它是您舒適的教室、會議室、讀書會、聚會場地。,,場地無提供且「禁止」使用麥克風及擴音設備，以維繫鄰居環境安寧。,https://i.imgur.com/5kmXtEx.png,7,25.0511146,121.5172929,中山站
181,1612,2019-09-23 4:16:55,2019-12-05 22:10:04,北車承德903,https://i.imgur.com/cDUJCyb.jpg,5,270,1,3,103,臺北市,大同區,承德路1段35號9樓之2-903,捷運台北車站M1出口，步行約6分鐘；中山站6號出口，步行約4分鐘。,Treerful小樹屋 是以時計價的出租空間，在各地提供自助式的場地。親民的價格、有質感的空間，它是您舒適的教室、會議室、讀書會、聚會場地。,,場地無提供且「禁止」使用麥克風及擴音設備，以維繫鄰居環境安寧。,https://i.imgur.com/HJZxgBd.png,8,25.0511146,121.5172929,中山站
182,1679,2019-10-22 21:02:39,2019-12-05 22:10:04,市民中山,https://i.imgur.com/l13aPtN.jpg,24,660,1,15,104,臺北市,中山區,中山北路一段33巷16號1樓,鄰近台北車站，距台北車站捷運M2出口，步行約6分鐘。,Treerful小樹屋 是以時計價的出租空間，在各地提供自助式的場地。親民的價格、有質感的空間，它是您舒適的教室、會議室、讀書會、聚會場地。本空間非密碼門鎖，現場將有人員協助。,本空間不適用暢遊方案。,附有麥克風 2 支、喇叭。,https://i.imgur.com/S4895FZ.png,5,25.048663,121.521975,善導寺站
183,1231,2019-10-28 10:27:12,2019-12-05 22:10:04,萬隆,https://i.imgur.com/ylwfhDF.jpg,10,450,1,10,116,臺北市,文山區,羅斯福路五段168號2樓,萬隆捷運站 4 號出口，步行約 3 分鐘。,Treerful小樹屋 是以時計價的出租空間，在各地提供自助式的場地。親民的價格、有質感的空間，它是您舒適的教室、會議室、讀書會、聚會場地。此空間與「雨宇共享空間」合作，現場將有人員為您服務。,入內須拖鞋，本空間不適用暢遊方案。,場地無提供且「禁止」使用麥克風及擴音設備，以維繫鄰居環境安寧。,https://i.imgur.com/m9SlbYw.png,0,25.0047,121.538524,萬隆站
184,1231,2019-10-28 10:41:12,2019-12-05 22:10:05,古亭6號1202,https://i.imgur.com/Qoumwxh.jpg,16,450,1,9,106,臺北市,大安區,羅斯福路二段33號12樓,距離古亭捷運站，步行約 30 秒。,Treerful小樹屋 是以時計價的出租空間，在各地提供自助式的場地。親民的價格、有質感的空間，它是您舒適的教室、會議室、讀書會、聚會場地。此空間與「MRT文創古亭6號空間」合作。,本空間不適用暢遊方案。,場地無提供且「禁止」使用麥克風及擴音設備，以維繫鄰居環境安寧。,https://i.imgur.com/LDvVECk.png,4,25.027801,121.522164,古亭站
185,2131,2019-11-08 18:03:55,2019-12-05 22:10:05,長安復興 601,https://i.imgur.com/2TSPtpx.jpg,40,900,1,25,105,臺北市,松山區,復興北路1號6樓之3-601,距南京復興站，步行6分鐘；忠孝復興站，步行9分鐘。,Treerful小樹屋 是以時計價的出租空間，在各地提供自助式的場地。親民的價格、有質感的空間，它是您舒適的教室、會議室、讀書會、聚會場地。,本空間不適用暢遊方案。,場地無提供且「禁止」使用麥克風及擴音設備，以維繫鄰居環境安寧。,https://i.imgur.com/DrS9yjd.png,1,25.048142,121.544516,南京復興站
186,1231,2019-11-08 18:05:07,2019-12-05 22:10:05,長安復興 602,https://i.imgur.com/plBJ5cI.jpg,22,660,1,14,105,臺北市,松山區,復興北路1號6樓之3-602,距南京復興站，步行6分鐘；忠孝復興站，步行9分鐘。,Treerful小樹屋 是以時計價的出租空間，在各地提供自助式的場地。親民的價格、有質感的空間，它是您舒適的教室、會議室、讀書會、聚會場地。,本空間不適用暢遊方案。,場地無提供且「禁止」使用麥克風及擴音設備，以維繫鄰居環境安寧。,https://i.imgur.com/3XtkJtf.png,2,25.048142,121.544516,南京復興站
187,1231,2019-11-08 18:06:17,2019-12-05 22:10:05,長安復興 603,https://i.imgur.com/iozZK6A.jpg,27,700,1,22,105,臺北市,松山區,復興北路1號6樓之3-603,距南京復興站，步行6分鐘；忠孝復興站，步行9分鐘。,Treerful小樹屋 是以時計價的出租空間，在各地提供自助式的場地。親民的價格、有質感的空間，它是您舒適的教室、會議室、讀書會、聚會場地。,本空間不適用暢遊方案。,場地無提供且「禁止」使用麥克風及擴音設備，以維繫鄰居環境安寧。,https://i.imgur.com/sBPtUX9.png,3,25.048142,121.544516,南京復興站
188,1231,2019-11-12 14:49:10,2019-12-05 22:10:05,復興北路38號 801,https://i.imgur.com/2OXaAkg.jpg,6,1,0,2,104,臺北市,中山區,復興北路38號8樓-801室,復興北路38號 801,復興北路38號 801,,場地無提供且「禁止」使用麥克風及擴音設備，以維繫鄰居環境安寧。,https://i.imgur.com/ga8C4p5.png,0,25.0493162,121.5415641,南京復興站
189,3441,2019-11-12 14:50:20,2019-12-05 22:10:05,復興北路38號 802,https://i.imgur.com/uAXwJHY.jpg,12,1,0,5,104,臺北市,中山區,復興北路38號8樓-802室,復興北路38號 802,復興北路38號 802,,場地無提供且「禁止」使用麥克風及擴音設備，以維繫鄰居環境安寧。,https://i.imgur.com/CwYA3Ij.png,0,25.0493162,121.5415641,南京復興站
190,3441,2019-11-12 14:51:36,2019-12-05 22:10:05,復興北路38號 803,https://i.imgur.com/qUHBDiN.jpg,10,123,0,4,104,臺北市,中山區,復興北路38號8樓-803室,復興北路38號 803,復興北路38號 803,,場地無提供且「禁止」使用麥克風及擴音設備，以維繫鄰居環境安寧。,https://i.imgur.com/10rUF9d.png,0,25.0493162,121.5415641,南京復興站
191,1231,2019-11-12 14:51:42,2019-12-05 22:10:05,復興北路38號 804,https://i.imgur.com/5ksvfbV.jpg,6,123,0,4,104,臺北市,中山區,復興北路38號8樓-804室,復興北路38號 804,復興北路38號 804,,場地無提供且「禁止」使用麥克風及擴音設備，以維繫鄰居環境安寧。,https://i.imgur.com/AJwEQoo.png,0,25.0493162,121.5415641,南京復興站
192,1,2019-11-24 22:30:27,2019-11-24 22:30:27,中山國中公共區,https://i.imgur.com/KSllXcx.jpg,1,1,0,1,900,屏東縣,屏東市,1,1,1,,,,0,1,1,
193,1,2019-11-24 22:32:41,2019-11-24 22:32:41,京站公共區,https://i.imgur.com/vb8vkuW.jpg,1,1,0,1,900,屏東縣,屏東市,1,1,1,,,,0,1,1,
194,1,2019-11-24 22:33:39,2019-11-24 22:33:39,信義安和公共區,https://i.imgur.com/A5i4hyy.jpg,12,1,0,13,900,屏東縣,屏東市,1,1,1,,,,0,1,1,
195,1,2019-11-24 22:34:53,2019-11-24 22:34:53,倉庫古亭和平,https://i.imgur.com/qHdLHm9.jpg,1,1,0,1,800,高雄市,新興區,1,1,1,,,,0,1,11,
196,1,2019-11-24 22:34:57,2019-11-24 22:34:57,倉庫國父紀念館,https://i.imgur.com/6R2PF3B.jpg,11,11,0,1,200,基隆市,仁愛區,1,1,1,,,,0,1,11,
197,1,2019-11-24 22:34:58,2019-11-25 0:26:59,南京三民公共區,https://i.imgur.com/6R2PF3B.jpg,11,11,0,1,200,基隆市,仁愛區,1,1,1,,,,0,1,11,
198,1,2019-11-24 22:35:02,2019-11-24 22:35:02,倉庫東門,https://i.imgur.com/KiHDKBM.jpg,11,1,0,1,950,臺東縣,臺東市,1,1,1,,,,0,1,1,
199,1,2019-11-24 22:36:37,2019-11-24 22:36:37,北車承德8f公共區,https://i.imgur.com/mAPjJUw.jpg,11,1,0,13,900,屏東縣,屏東市,1,1,1,,,,0,1,1,
200,1,2019-11-24 22:36:51,2019-11-24 22:36:51,倉庫極地,https://i.imgur.com/b5Iwacl.jpg,10,1,0,1,900,屏東縣,屏東市,1,1,1,,,,0,1,11,
201,1,2019-11-24 22:37:08,2019-11-24 22:37:08,倉庫科技大樓,https://i.imgur.com/VuEgGm2.jpg,1,1,0,19,900,屏東縣,屏東市,1,1,1,,,,0,1,1,
202,1,2019-11-24 22:41:54,2019-11-24 22:41:54,南京復興公共區,https://i.imgur.com/FxhYv19.jpg,11,1,0,1,800,高雄市,新興區,1,1,1,,,,0,1,1,
203,1,2019-11-24 22:41:56,2019-11-24 22:41:56,古亭6F公共區,https://i.imgur.com/sNUb54r.jpg,1,1,0,1,970,花蓮縣,花蓮市,1,1,1,,,,0,1,1,
204,1,2019-11-24 22:41:57,2019-11-24 22:41:57,古亭11F公共區,https://i.imgur.com/pPBkJmm.jpg,12,1,0,1,950,臺東縣,臺東市,1,1,1,,,,0,1,1,
205,1,2019-11-24 22:42:03,2019-11-24 22:42:03,古亭和平公共區,https://i.imgur.com/VLlPbZB.jpg,1,11,0,1,700,臺南市,中西區,1,1,1,,,,0,11,11,
206,1,2019-11-24 22:42:06,2019-11-24 22:42:06,台電大樓公共區,https://i.imgur.com/qeoJdRw.jpg,12,1,0,11,209,連江縣,南竿鄉,1,1,1,,,,0,1,121.543764,
207,1,2019-11-24 22:42:08,2019-11-24 22:42:08,國父紀念館公共區,https://i.imgur.com/lwcXxpp.jpg,1,1,0,13,200,基隆市,仁愛區,1,1,1,,,,0,1,1,
208,1,2019-11-24 22:42:10,2019-11-24 22:42:10,大安復興公共區,https://i.imgur.com/ZuKjzpJ.jpg,12,1,0,1,950,臺東縣,臺東市,1,1,1,,,,0,125.0511146,1,
209,1,2019-11-24 22:42:12,2019-11-24 22:42:12,慶城南京公共區,https://i.imgur.com/xDFOrj1.jpg,12,1,0,1,800,高雄市,新興區,1,1,1,,,,0,1,11,
210,1,2019-11-24 22:42:14,2019-11-24 22:42:14,東門公共區,https://i.imgur.com/QGrbglo.jpg,13,11,0,1,970,花蓮縣,花蓮市,1,1,1,,,,0,1,121.5172929,
211,1,2019-11-24 22:42:17,2019-11-24 22:42:17,松江南京公共區,https://i.imgur.com/wW0VDSP.jpg,11,1,0,1,800,高雄市,新興區,1,1,1,,,,0,1,121.543764,
212,1,2019-11-24 23:47:14,2019-11-24 23:47:14,極地公共區,https://i.imgur.com/fYkRg2f.jpg,1,1,0,1,300,新竹市,東區,1,1,1,,,,0,1,1,
213,1,2019-11-24 23:48:03,2019-11-24 23:48:03,民權西路公共區,https://i.imgur.com/Wx2Fhum.jpg,1,11,0,19,350,苗栗縣,竹南鎮,1,1,1,,,,0,1,1,
214,1,2019-11-24 23:48:49,2019-11-24 23:48:49,科技大樓公共區,https://i.imgur.com/Vnxhj9H.jpg,10,1232,0,1,630,雲林縣,斗南鎮,1,1,1,,,,0,1,121.5172929,
215,1,2019-11-24 23:49:31,2019-11-24 23:49:31,長安松江公共區,https://i.imgur.com/f1hXZHc.jpg,10,1200,0,1,540,南投縣,南投市,1,1,1,,,,0,1,121.5172929,
216,1,2019-11-24 23:50:08,2019-11-24 23:50:08,長安松江辦公室,https://i.imgur.com/nflmV6o.jpg,1,1200,0,15,630,雲林縣,斗南鎮,1,1,1,,,,0,1,121.5421649,
217,1,2019-11-24 23:50:47,2019-11-24 23:50:47,大安瑞安公共區,https://i.imgur.com/imoYvLb.jpg,10,1,0,1,890,金門縣,金沙鎮,1,1,1,,,,0,1,11,
218,1,2019-11-24 23:51:50,2019-11-24 23:51:50,大安瑞安辦公區,https://i.imgur.com/x7f2wQS.jpg,1,10,0,1,800,高雄市,新興區,1,1,1,,,,0,1,121.5421649,
219,1,2019-11-24 23:52:36,2019-11-24 23:52:36,古亭南昌辦公A,https://i.imgur.com/6tyY14l.jpg,11,1,0,111,800,高雄市,新興區,1,1,1,,,,0,1,1,
220,1,2019-11-24 23:53:35,2019-11-24 23:53:35,古亭南昌辦公B,https://i.imgur.com/LBb95dg.jpg,11,1,0,11,900,屏東縣,屏東市,1,1,1,,,,0,1,121.543764,
221,1,2019-11-24 23:55:05,2019-11-25 0:24:47,古亭南昌公共區,https://i.imgur.com/gYyiZcr.jpg,13,13,0,11,900,屏東縣,屏東市,1,1,1,,,,0,1,1,
222,1,2019-11-24 23:56:48,2019-11-24 23:56:48,北車承德9樓公共區,https://i.imgur.com/U6rsgry.jpg,1,11,0,1,900,屏東縣,屏東市,1,1,1,,,,0,1,1,
223,1,2019-11-25 0:03:16,2019-11-25 0:03:16,北車承德9樓辦公室,https://i.imgur.com/uHnubmf.jpg,1,123,0,15,970,花蓮縣,花蓮市,1,1,1,,,,0,1,1,
224,1,2019-11-25 0:04:03,2019-11-25 0:04:03,長安復興6樓公共區,https://i.imgur.com/sNsDy1k.jpg,1,1,0,10,950,臺東縣,臺東市,1,1,1,,,,0,1,1,
225,1,2019-11-25 0:05:17,2019-11-25 0:10:53,復興北路辦公室,https://i.imgur.com/d8Tlni0.jpg,1,1,0,13,209,連江縣,南竿鄉,1,1,1,,,,0,1,1,
226,1,2019-11-25 0:06:39,2019-11-25 0:10:39,中正6F公共區,https://i.imgur.com/epfYW9v.jpg,1,1,0,15,950,臺東縣,臺東市,1,1,1,,,,0,1,1,
227,1,2019-11-25 0:07:32,2019-11-25 0:11:06,復興北路公共區,https://i.imgur.com/CGIor2g.jpg,12,11,0,19,950,臺東縣,臺東市,1,1,1,,,,0,1,1,
228,1,2019-11-25 13:44:05,2019-11-25 13:44:05,倉庫民權西路,https://i.imgur.com/SFh5fPe.jpg,1,11,0,1,200,基隆市,仁愛區,1,11,1,,,,0,1,1,
229,1,2019-11-25 13:44:08,2019-11-25 13:44:08,倉庫長安復興,https://i.imgur.com/L75mNcf.jpg,13,1,0,19,900,屏東縣,屏東市,1,1,1,,,,0,1,121.543764,
230,1,2019-11-25 13:44:10,2019-11-25 13:44:10,倉庫古亭6F,https://i.imgur.com/HKR4qIz.jpg,1,1,0,1,950,臺東縣,臺東市,1,1,1,,,,0,111,1,
231,1,2019-11-25 13:45:10,2019-11-25 13:45:10,倉庫北車B,https://i.imgur.com/PwX4Ljb.jpg,11,1,0,11,800,高雄市,新興區,1,1,1,,,,0,125.0511146,1,
232,1,2019-11-25 13:54:28,2019-11-25 13:54:28,倉庫大安復興,https://i.imgur.com/xIccdms.jpg,1,1,0,1,950,臺東縣,臺東市,1,1,1,,,,0,1,1,
233,1,2019-11-25 13:54:30,2019-11-25 13:54:30,倉庫中正601,https://i.imgur.com/1FtQiPT.jpg,1,1,0,1,950,臺東縣,臺東市,1,1,1,,,,0,1,1,
234,1,2019-11-25 13:54:33,2019-11-25 13:54:33,倉庫北車承德8F,https://i.imgur.com/PgrjEvm.jpg,1,1,0,1,970,花蓮縣,花蓮市,1,1,1,,,,0,1,1,
235,1,2019-11-26 17:05:35,2019-11-26 17:09:58,倉庫大安瑞安,https://i.imgur.com/LFtIVIs.jpg,1,1,0,1,200,基隆市,仁愛區,1,1,1,,,,0,1,1,